"Datum","Transaktionsstatus","Transaktionstyp","Transaktionsnummer","Produktdetails","Artikelpreise gesamt","Gesamtsumme der Aktionsrabatte","Amazon-Gebühren","Andere","Summe (EUR)"
"13.1.2023","Veröffentlicht","Bezahlung der Bestellung","304-8829582-0659512","Tajima Ersatzklingen für Cutter (Breite ...","14.09","0","-4.55","2.68","12.22"
"13.1.2023","Veröffentlicht","Erstattung","306-7064190-6638732","BAHCO BELZER GMBH PC-10-DT Feinsäge Prof...","-113.16","0","12.34","-5.5","-106.32"
"13.1.2023","Veröffentlicht","Bezahlung der Bestellung","304-4027499-0248329","Tajima Ersatzklingen für Cutter (Breite ...","14.38","0","-4.59","2.73","12.52"
"13.1.2023","Veröffentlicht","Bezahlung der Bestellung","305-7224208-4956317","Olfa L-schwere Messer Cutter mit Ein Sna...","10.58","0","-3.59","0","6.99"
"13.1.2023","Veröffentlicht","Bezahlung der Bestellung","028-8468658-3754763","Tajima Japansäge Magnum 300 (Sägeblatt 3...","27.86","0","-10.45","5.29","22.7"
"13.1.2023","Veröffentlicht","Bezahlung der Bestellung","305-5118493-3674751","Tajima Ersatzklingen für Cutter (Breite ...","14.39","0","-4.6","2.73","12.52"
"13.1.2023","Veröffentlicht","Bezahlung der Bestellung","305-4535346-0309152","Tajima Ersatzklingen für Cutter (Breite ...","14.57","0","-4.62","2.77","12.72"
"13.1.2023","Veröffentlicht","Bezahlung der Bestellung","028-0119458-4493131","beko FoodLine Lebensmittel-Schmieröl H1 ...","14.03","0","-5.59","2.66","11.1"
"13.1.2023","Veröffentlicht","Bezahlung der Bestellung","304-4668566-9860354","Fermit Anti-Seize Kupferpastenspray 400m...","18.02","0","-9.66","3.6","11.96"
"13.1.2023","Veröffentlicht","Commingling VAT","1411041803","Tajima Razar Black 18 mm Klingen, Spender und Karte, 1 Stück, LCB50RBC/K1","0","0","0","-1.17","-1.17"
"13.1.2023","Veröffentlicht","Commingling VAT","1411041803","Tajima Razar Black 18 mm Klingen, Spender und Karte, 1 Stück, LCB50RBC/K1","0","0","0","0.97","0.97"
"13.1.2023","Veröffentlicht","Commingling VAT","1411041583","beko Fugenschnurz-Set Fugenspachtel - Set 200 5 001","0","0","0","-1.46","-1.46"
"13.1.2023","Veröffentlicht","Commingling VAT","1411041583","beko Fugenschnurz-Set Fugenspachtel - Set 200 5 001","0","0","0","1.77","1.77"
"13.1.2023","Veröffentlicht","Commingling VAT","1411039383","Tajima Razar Black 18 mm Klingen, Spender und Karte, 1 Stück, LCB50RBC/K1","0","0","0","-1.17","-1.17"
"13.1.2023","Veröffentlicht","Commingling VAT","1411039383","Tajima Razar Black 18 mm Klingen, Spender und Karte, 1 Stück, LCB50RBC/K1","0","0","0","0.97","0.97"
"13.1.2023","Veröffentlicht","Bezahlung der Bestellung","303-2330115-1141948","Tajima Schlagschnurgerät Chalk-Rite Dura...","26.76","0","-7.23","5.09","24.62"
"13.1.2023","Veröffentlicht","Bezahlung der Bestellung","303-5440241-8897919","Fugenmeister,R-03t,Radien AA83-teilig in...","9.31","0","-3.65","1.77","7.43"
"13.1.2023","Veröffentlicht","Commingling VAT","1411036343","beko Fugenschnurz-Set Fugenspachtel - Set 200 5 001","0","0","0","-1.77","-1.77"
"13.1.2023","Veröffentlicht","Commingling VAT","1411036343","beko Fugenschnurz-Set Fugenspachtel - Set 200 5 001","0","0","0","1.47","1.47"
"13.1.2023","Veröffentlicht","Bezahlung der Bestellung","304-9262888-3038718","Fugenmeister,R-03t,Radien AA83-teilig in...","9.31","0","-3.65","1.77","7.43"
"13.1.2023","Veröffentlicht","Bezahlung der Bestellung","028-6218925-5651551","Tajima Schaber 3 Klingen, Kurzstiel, 200...","19.29","0","-6.07","3.67","16.89"
"13.1.2023","Veröffentlicht","Bezahlung der Bestellung","302-0607588-7181906","SONAX Aktionsset KratzerEntferner Lack (...","10.46","0","-4.96","1.99","7.49"
"13.1.2023","Veröffentlicht","Bezahlung der Bestellung","305-1277680-4894719","Tajima Ersatzklingen für Cutter (Breite ...","14.38","0","-4.59","2.73","12.52"
"13.1.2023","Veröffentlicht","Bezahlung der Bestellung","306-4282995-5148342","SONAX Aktionsset KratzerEntferner Lack (...","10.46","0","-4.96","1.99","7.49"
"13.1.2023","Veröffentlicht","Bezahlung der Bestellung","302-4650297-4793934","Fugenmeister OFR-03 Radien optiform 3-te...","8.61","0","-3.4","1.64","6.85"
"13.1.2023","Veröffentlicht","Bezahlung der Bestellung","306-3929953-2500304","Tajima Ersatzklingen für Cuttermesser (1...","5.48","0","-2.92","1.04","3.6"
"13.1.2023","Veröffentlicht","Bezahlung der Bestellung","028-5803929-1913108","Handbeil, mit Ledergriff, inkl. hochwert...","85.06","-3.35","-19.32","19.51","81.9"
"13.1.2023","Veröffentlicht","Bezahlung der Bestellung","028-4191658-0340308","Tajima Schlagschnurgerät Chalk-Rite Jam ...","23.4","0","-6.71","4.45","21.14"
"13.1.2023","Veröffentlicht","Bezahlung der Bestellung","305-0556489-3494705","OLFA A1 Cutter Messer, 9 mm","5.35","0","-2.28","0.86","3.93"
"13.1.2023","Veröffentlicht","Bezahlung der Bestellung","304-5255467-4693137","Beko Beko-Strukturdicht 310ml weiß-struk...","6.94","0","-4.16","1.32","4.1"
"13.1.2023","Veröffentlicht","Bezahlung der Bestellung","302-1201382-9853120","beko FoodLine Lebensmittel-Silicon 310 m...","13.32","0","-5.17","2.66","10.81"
"13.1.2023","Veröffentlicht","Bezahlung der Bestellung","305-5876871-5093168","SONAX Aktionsset KratzerEntferner Lack (...","10.46","0","-4.96","1.99","7.49"
"13.1.2023","Veröffentlicht","Commingling VAT","1411000983","Wekem WS-600-030 HTC-Tube 30 Gramm","0","0","0","-1.55","-1.55"
"13.1.2023","Veröffentlicht","Commingling VAT","1411000893","Wekem WS-600-030 HTC-Tube 30 Gramm","0","0","0","-1.55","-1.55"
"13.1.2023","Veröffentlicht","Bezahlung der Bestellung","306-6527385-6465109","Olfa LBB Cuttermesser-Klingen, Schwarz, ...","52.72","-3.19","-16.32","3.19","36.4"
"13.1.2023","Veröffentlicht","Commingling VAT","1410994263","Tajima Ersatzklingen für Cutter (Breite 18 mm, 50 Stück in einer Box, Black Blade Klingen, für Pappe, Leder, Folie, Trockenbau geeignet, Ersatzmesser) LCB50RB50H","0","0","0","-2.73","-2.73"
"13.1.2023","Veröffentlicht","Commingling VAT","1410994263","Tajima Ersatzklingen für Cutter (Breite 18 mm, 50 Stück in einer Box, Black Blade Klingen, für Pappe, Leder, Folie, Trockenbau geeignet, Ersatzmesser) LCB50RB50H","0","0","0","2.73","2.73"
"13.1.2023","Veröffentlicht","Commingling VAT","1410993923","Tajima Ersatzklingen für Cutter (Breite 18 mm, 50 Stück in einer Box, Black Blade Klingen, für Pappe, Leder, Folie, Trockenbau geeignet, Ersatzmesser) LCB50RB50H","0","0","0","-2.73","-2.73"
"13.1.2023","Veröffentlicht","Commingling VAT","1410993923","Tajima Ersatzklingen für Cutter (Breite 18 mm, 50 Stück in einer Box, Black Blade Klingen, für Pappe, Leder, Folie, Trockenbau geeignet, Ersatzmesser) LCB50RB50H","0","0","0","3.31","3.31"
"13.1.2023","Veröffentlicht","Bezahlung der Bestellung","306-2625297-3545149","HALDER 3377.160 SUPERCRAFT-Schonhammer, ...","55.42","0","-13.41","11.08","53.09"
"13.1.2023","Veröffentlicht","Bezahlung der Bestellung","303-3737198-1361948","HW Dübellochbohrer für MAFELL, 10x58mm S...","17.55","-0.67","-4.39","4.01","16.5"
"13.1.2023","Veröffentlicht","Bezahlung der Bestellung","303-6875289-4389944","SONAX Aktionsset KratzerEntferner Lack (...","10.46","0","-4.96","1.99","7.49"
"13.1.2023","Verzögert","Bezahlung der Bestellung","305-5378478-3721153","SONAX Aktionsset KratzerEntferner Lack (...","10.46","0","-4.96","1.99","7.49"
"13.1.2023","Veröffentlicht","Bezahlung der Bestellung","304-2157945-5510712","SONAX Aktionsset KratzerEntferner Lack (...","10.46","0","-4.96","1.99","7.49"
"13.1.2023","Veröffentlicht","Bezahlung der Bestellung","304-0417246-4984325","Tajima Ersatzklingen für Cutter (Breite ...","14.38","0","-4.59","2.73","12.52"
"13.1.2023","Veröffentlicht","Bezahlung der Bestellung","302-4642737-2814715","Tajima Ersatzklingen für Cutter (Breite ...","14.38","0","-4.59","2.73","12.52"
"13.1.2023","Verzögert","Bezahlung der Bestellung","302-8279114-1530711","SONAX Aktionsset KratzerEntferner Lack (...","10.46","0","-4.96","1.99","7.49"
"13.1.2023","Veröffentlicht","Bezahlung der Bestellung","305-3793653-0273155","Tajima Ersatzklingen für Cutter (Breite ...","28.76","0","-9.18","5.46","25.04"
"13.1.2023","Veröffentlicht","Bezahlung der Bestellung","306-8399682-7069955","Tajima DC560 DRIVER Cuttermesser / Cutte...","26.18","0","-8.63","4.97","22.52"
"13.1.2023","Veröffentlicht","Bezahlung der Bestellung","302-9652683-9185934","Silky 270-33 Zubat Handsäge mit Scheide,...","56.21","0","-14.84","10.68","52.05"
"13.1.2023","Veröffentlicht","Bezahlung der Bestellung","303-7405568-9983526","Tajima Razar Black 18 mm Klingen, Spende...","5.08","0","-3","0.97","3.05"
"13.1.2023","Veröffentlicht","Commingling VAT","1410912703","Tajima Ersatzklingen für Cutter (Breite 18 mm, 50 Stück in einer Box, Black Blade Klingen, für Pappe, Leder, Folie, Trockenbau geeignet, Ersatzmesser) LCB50RB50H","0","0","0","-2.73","-2.73"
"13.1.2023","Veröffentlicht","Commingling VAT","1410912703","Tajima Ersatzklingen für Cutter (Breite 18 mm, 50 Stück in einer Box, Black Blade Klingen, für Pappe, Leder, Folie, Trockenbau geeignet, Ersatzmesser) LCB50RB50H","0","0","0","3.31","3.31"
"13.1.2023","Veröffentlicht","Commingling VAT","1410910023","Neo Fermit Dichtungsset (1 Rolle Hanf 40g, 1 Tube Neo Fermit Dichtungspaste 150g, 2 Rollen Gewebeband)","0","0","0","-1.55","-1.55"
"13.1.2023","Veröffentlicht","Commingling VAT","1410910023","Neo Fermit Dichtungsset (1 Rolle Hanf 40g, 1 Tube Neo Fermit Dichtungspaste 150g, 2 Rollen Gewebeband)","0","0","0","1.55","1.55"
"13.1.2023","Veröffentlicht","Bezahlung der Bestellung","303-8891522-9091530","Tajima RAPID PULL Japansäge 265 mm + zus...","24.88","0","-9.99","4.73","19.62"
"13.1.2023","Veröffentlicht","Erstattung","303-9517029-7299507","Tajima Ersatzklingen für Cutter (Breite ...","-14.6","0","1.81","-2.77","-15.56"
"13.1.2023","Veröffentlicht","Commingling VAT","1410898463","Neo Fermit Dichtungsset (1 Rolle Hanf 40g, 1 Tube Neo Fermit Dichtungspaste 150g, 2 Rollen Gewebeband)","0","0","0","-1.55","-1.55"
"13.1.2023","Veröffentlicht","Commingling VAT","1410898463","Neo Fermit Dichtungsset (1 Rolle Hanf 40g, 1 Tube Neo Fermit Dichtungspaste 150g, 2 Rollen Gewebeband)","0","0","0","1.55","1.55"
"13.1.2023","Veröffentlicht","Commingling VAT","1410820173","Tajima DFC561W Razar Black Cutter avec blocage par molette/aileron, Noir/Jaune","0","0","0","-2.12","-2.12"
"13.1.2023","Veröffentlicht","Commingling VAT","1410820173","Tajima DFC561W Razar Black Cutter avec blocage par molette/aileron, Noir/Jaune","0","0","0","2.57","2.57"
"13.1.2023","Veröffentlicht","Commingling VAT","1410819733","Tajima DFC561W Razar Black Cutter avec blocage par molette/aileron, Noir/Jaune","0","0","0","-2.57","-2.57"
"13.1.2023","Veröffentlicht","Commingling VAT","1410819733","Tajima DFC561W Razar Black Cutter avec blocage par molette/aileron, Noir/Jaune","0","0","0","2.57","2.57"
"13.1.2023","Veröffentlicht","Commingling VAT","1410819333","Tajima DFC561W Razar Black Cutter avec blocage par molette/aileron, Noir/Jaune","0","0","0","-2.12","-2.12"
"13.1.2023","Veröffentlicht","Commingling VAT","1410819333","Tajima DFC561W Razar Black Cutter avec blocage par molette/aileron, Noir/Jaune","0","0","0","2.12","2.12"
"13.1.2023","Veröffentlicht","Bezahlung der Bestellung","302-3237905-0441105","OLFA LBB 10 18mm 10 ultrascharf Excel Bl...","5","0","-3.1","0.95","2.85"
"13.1.2023","Verzögert","Bezahlung der Bestellung","305-3465307-5311506","Fermitopp N, 310 ml, Kartusche, transpar...","7.57","0","-5.56","2.77","4.78"
"13.1.2023","Veröffentlicht","Bezahlung der Bestellung","302-4742954-4818755","Lackhobel/Lackziehklinge LZK-HM für Tisc...","39.78","0","-8.22","7.56","39.12"
"13.1.2023","Veröffentlicht","Commingling VAT","1410804903","Fugenmeister,R-03t,Radien AA83-teilig intransparenter Schachtel","0","0","0","2.14","2.14"
"13.1.2023","Veröffentlicht","Commingling VAT","1410804903","Fugenmeister,R-03t,Radien AA83-teilig intransparenter Schachtel","0","0","0","-1.77","-1.77"
"13.1.2023","Veröffentlicht","Commingling VAT","1410797503","Serre-joint mini Quick réversible PIHER - 15 cm - 52415","0","0","0","-3.33","-3.33"
"13.1.2023","Veröffentlicht","Erstattung","028-2301601-4765134","Dewalt Full Carbide SDS-max Hammerbohrer...","-44.5","0","6.35","-8.45","-46.6"
"13.1.2023","Veröffentlicht","Commingling VAT","1410794473","Serre-joint mini Quick réversible PIHER - 15 cm - 52415","0","0","0","-6.66","-6.66"
"13.1.2023","Veröffentlicht","Commingling VAT","1410792133","Fugenmeister,R-03t,Radien AA83-teilig intransparenter Schachtel","0","0","0","-2.14","-2.14"
"13.1.2023","Veröffentlicht","Commingling VAT","1410792133","Fugenmeister,R-03t,Radien AA83-teilig intransparenter Schachtel","0","0","0","2.14","2.14"
"13.1.2023","Veröffentlicht","Commingling VAT","1410790303","Fugenmeister,R-03t,Radien AA83-teilig intransparenter Schachtel","0","0","0","-2.14","-2.14"
"13.1.2023","Veröffentlicht","Commingling VAT","1410790303","Fugenmeister,R-03t,Radien AA83-teilig intransparenter Schachtel","0","0","0","1.77","1.77"
"13.1.2023","Veröffentlicht","Bei Amazon gekaufte Versandetiketten","303-6574173-4385100","Abrechnung für die Rücksendung","0","0","0","-3.69","-3.69"
"13.1.2023","Veröffentlicht","Bezahlung der Bestellung","304-2447368-8293104","OLFA Cuttermesser L5 18mm mit X-Design G...","21.54","0","-7.76","4.1","17.88"
"13.1.2023","Veröffentlicht","Erstattung","305-7932625-0560318","SONAX Aktionsset KratzerEntferner Lack (...","-10.46","0","1.5","-1.99","-10.95"
"13.1.2023","Veröffentlicht","Bezahlung der Bestellung","305-0521786-5021154","OLFA LB-10B 10 Ersatzklingen für Cutter,...","5.88","0","-2.6","1.12","4.4"
"13.1.2023","Veröffentlicht","Bezahlung der Bestellung","306-3559988-5108332","Stubai Packhaken, 90° gebogen 450 g","49.12","0","-7.6","9.34","50.86"
"13.1.2023","Veröffentlicht","Bezahlung der Bestellung","304-9758353-0172342","Beko Beko-Strukturdicht 310ml weiß-struk...","13.88","0","-8.31","2.64","8.21"
"13.1.2023","Veröffentlicht","Bezahlung der Bestellung","028-0961867-7674767","Silky 350-36 Professionelle BIGBOY Klapp...","61.69","-3.35","-15.68","15.07","57.73"
"13.1.2023","Veröffentlicht","Erstattung","303-3673236-8901105","SONAX Aktionsset KratzerEntferner Lack (...","-10.46","0","1.5","-1.99","-10.95"
"13.1.2023","Veröffentlicht","Bezahlung der Bestellung","303-0032015-2981912","Tajima Bandmaß PIT Measure (1 m, selbstk...","7.61","0","-3.25","1.44","5.8"
"13.1.2023","Veröffentlicht","Bezahlung der Bestellung","304-4101097-9697127","Kirschen Schreinerklüpfel mit Weißbuchen...","32.91","0","-5.13","6.58","34.36"
"13.1.2023","Veröffentlicht","Erstattung","302-1166066-6923507","Estwing BP-10 Goldpfanne aus schwarzem K...","-13.47","1.67","1.68","-4.36","-14.48"
"13.1.2023","Veröffentlicht","Bezahlung der Bestellung","304-4401681-3641942","Tajima Bandmaß PIT Measure (1 m, selbstk...","7.78","0","-3.27","1.48","5.99"
"13.1.2023","Veröffentlicht","Service-Gebühren","---","Frachtkosten für den Transport zum Amazon-Versandzentrum","0","0","0","-1.65","-1.65"
"13.1.2023","Verzögert","Bezahlung der Bestellung","305-4266548-4921119","Fre-Pro WAVE 2.0 - Pissoir & Urinal Eins...","10.63","0","-3.59","0","7.04"
"13.1.2023","Veröffentlicht","Commingling VAT","1410741543","Fugenmeister OFR-03 Radien optiform 3-teilig in transparenter Schachtel","0","0","0","-1.64","-1.64"
"13.1.2023","Veröffentlicht","Commingling VAT","1410741543","Fugenmeister OFR-03 Radien optiform 3-teilig in transparenter Schachtel","0","0","0","1.64","1.64"
"13.1.2023","Veröffentlicht","Service-Gebühren","---","Frachtkosten für den Transport zum Amazon-Versandzentrum","0","0","0","-1.65","-1.65"
"13.1.2023","Veröffentlicht","Bezahlung der Bestellung","028-4109608-5307536","Wekem WS-600-030 HTC-Tube 30 Gramm","6.96","0","-2.96","1.32","5.32"
"13.1.2023","Veröffentlicht","Bezahlung der Bestellung","305-6205342-4048330","NEBO NB6714 Poppy LED Laterne","24.8","0","-7.26","4.71","22.25"
"13.1.2023","Veröffentlicht","Bezahlung der Bestellung","306-7577177-9756353","Estwing BP-10 Goldpfanne aus schwarzem K...","13.47","0","-5.09","2.69","11.07"
"13.1.2023","Veröffentlicht","Bezahlung der Bestellung","304-0374547-1855535","Tajima Ersatzklingen für Cutter (Breite ...","14.38","0","-4.61","2.88","12.65"
"13.1.2023","Veröffentlicht","Bezahlung der Bestellung","302-6311966-6398769","Fermit Kunststoff-Gewindedicht 100g Tube","11.51","0","-4.21","0","7.3"
"13.1.2023","Veröffentlicht","Bezahlung der Bestellung","303-3506054-8386739","Fermit Kesselkit Dose 1 000 Gramm 11003","11.21","0","-6.39","2.24","7.06"
"13.1.2023","Veröffentlicht","Service-Gebühren","---","Frachtkosten für den Transport zum Amazon-Versandzentrum","0","0","0","-1.65","-1.65"
"13.1.2023","Veröffentlicht","Service-Gebühren","---","Frachtkosten für den Transport zum Amazon-Versandzentrum","0","0","0","-1.65","-1.65"
"13.1.2023","Veröffentlicht","Bezahlung der Bestellung","028-3506126-4274753","Tajima Japansäge Magnum 300 (Sägeblatt 3...","30.85","0","-10.91","5.86","25.8"
"13.1.2023","Veröffentlicht","Service-Gebühren","---","Frachtkosten für den Transport zum Amazon-Versandzentrum","0","0","0","-1.65","-1.65"
"13.1.2023","Veröffentlicht","Commingling VAT","1410714833","Pool Fermit Silikon-Armaturenfett 100 g Tube, 09124","0","0","0","-2.07","-2.07"
"13.1.2023","Veröffentlicht","Commingling VAT","1410714833","Pool Fermit Silikon-Armaturenfett 100 g Tube, 09124","0","0","0","1.87","1.87"
"13.1.2023","Veröffentlicht","Commingling VAT","1410714363","Pool Fermit Silikon-Armaturenfett 100 g Tube, 09124","0","0","0","-2.07","-2.07"
"13.1.2023","Veröffentlicht","Service-Gebühren","---","Frachtkosten für den Transport zum Amazon-Versandzentrum","0","0","0","-1.65","-1.65"
"13.1.2023","Veröffentlicht","Bezahlung der Bestellung","302-0001283-7819512","Tajima Japansäge Magnum 300 (Sägeblatt 3...","31.04","-1.67","-10.94","7.57","26"
"13.1.2023","Veröffentlicht","Service-Gebühren","---","Frachtkosten für den Transport zum Amazon-Versandzentrum","0","0","0","-1.65","-1.65"
"13.1.2023","Veröffentlicht","Erstattung","028-5746208-6292344","WILPU 3016/150 TWIN CUT Säbelsägeblatt f...","-117.3","0","14.52","-22.3","-125.08"
"13.1.2023","Veröffentlicht","Erstattung","028-3807269-5021903","HALDER | Ø=60 mm | 3209.060","-20.71","0","2.56","-3.94","-22.09"
"13.1.2023","Veröffentlicht","Service-Gebühren","---","Frachtkosten für den Transport zum Amazon-Versandzentrum","0","0","0","-1.65","-1.65"
"13.1.2023","Veröffentlicht","Erstattung","305-3844667-8968331","Protus Kurvenlinfix - das flexible Kurve...","-24.45","0","3.02","-4.65","-26.08"
"13.1.2023","Veröffentlicht","Bezahlung der Bestellung","303-7876552-1452335","Fermit Kunststoff-Gewindedicht 100g Tube","14.76","-1.11","-5.01","4.06","12.7"
"13.1.2023","Veröffentlicht","Service-Gebühren","---","Frachtkosten für den Transport zum Amazon-Versandzentrum","0","0","0","-1.65","-1.65"
"13.1.2023","Veröffentlicht","Service-Gebühren","---","Frachtkosten für den Transport zum Amazon-Versandzentrum","0","0","0","-1.65","-1.65"
"13.1.2023","Veröffentlicht","Bezahlung der Bestellung","305-9473835-6369946","Silky Professionelle SUGOWAZA Säge, 420 ...","120.02","0","-18.2","20","121.82"
"13.1.2023","Veröffentlicht","Bezahlung der Bestellung","305-7674251-9253933","Harzgallen-Fräser 100X8X22Z4","114.33","0","-18.55","28.37","124.15"
"13.1.2023","Veröffentlicht","Bezahlung der Bestellung","303-9405979-6473969","Estwing BP-10 Goldpfanne aus schwarzem K...","13.47","0","-5.09","2.69","11.07"
"13.1.2023","Veröffentlicht","Bezahlung der Bestellung","303-2557961-8837104","Estwing #16-16 Pfanne mit Lanyard-Loch, ...","15.41","0","-3.12","8.58","20.87"
"13.1.2023","Veröffentlicht","Commingling VAT","1410681023","Tajima DRIVER Cutter mit Razar black Klingen (18 mm, mit Schraubendreher Funktion) - DC560YB","0","0","0","-2.24","-2.24"
"13.1.2023","Veröffentlicht","Commingling VAT","1410681023","Tajima DRIVER Cutter mit Razar black Klingen (18 mm, mit Schraubendreher Funktion) - DC560YB","0","0","0","2.05","2.05"
"13.1.2023","Veröffentlicht","Commingling VAT","1410678313","Tajima DRIVER Cutter mit Razar black Klingen (18 mm, mit Schraubendreher Funktion) - DC560YB","0","0","0","-2.24","-2.24"
"13.1.2023","Veröffentlicht","Commingling VAT","1410678313","Tajima DRIVER Cutter mit Razar black Klingen (18 mm, mit Schraubendreher Funktion) - DC560YB","0","0","0","2.24","2.24"
"13.1.2023","Veröffentlicht","Commingling VAT","1410676483","Tajima Schlagschnurgerät Chalk-Rite Jam Free (Schlagschnur 30 m lang, für alle Untergründe, Schlagschnur extrastark, für Kreide, 2-Komponenten-Gehäuse) CR301JFD","0","0","0","-4.45","-4.45"
"13.1.2023","Veröffentlicht","Commingling VAT","1410676483","Tajima Schlagschnurgerät Chalk-Rite Jam Free (Schlagschnur 30 m lang, für alle Untergründe, Schlagschnur extrastark, für Kreide, 2-Komponenten-Gehäuse) CR301JFD","0","0","0","5.38","5.38"
"13.1.2023","Veröffentlicht","Bezahlung der Bestellung","303-0322755-0285911","Tajima Ersatzklingen für Cutter (Breite ...","14.38","-0.56","-4.59","3.29","12.52"
"13.1.2023","Veröffentlicht","Commingling VAT","1410676193","Tajima Schlagschnurgerät Chalk-Rite Jam Free (Schlagschnur 30 m lang, für alle Untergründe, Schlagschnur extrastark, für Kreide, 2-Komponenten-Gehäuse) CR301JFD","0","0","0","-4.45","-4.45"
"13.1.2023","Veröffentlicht","Commingling VAT","1410676193","Tajima Schlagschnurgerät Chalk-Rite Jam Free (Schlagschnur 30 m lang, für alle Untergründe, Schlagschnur extrastark, für Kreide, 2-Komponenten-Gehäuse) CR301JFD","0","0","0","5.38","5.38"
"13.1.2023","Veröffentlicht","Bezahlung der Bestellung","303-5391367-2022720","Fermit Schweiss-Trennspray 400ml Dose","7.19","0","-4.53","1.37","4.03"
"13.1.2023","Veröffentlicht","Bezahlung der Bestellung","306-9953489-8605155","Fermitex Pulver - chemischer Rohrreinige...","14.05","0","-6.98","2.67","9.74"
"13.1.2023","Verzögert","Bezahlung der Bestellung","302-0052996-8749920","Fre-Pro WAVE 2.0 - Pissoir & Urinal Eins...","114.45","-2.99","-27.21","2.99","87.24"
"13.1.2023","Veröffentlicht","Bei Amazon gekaufte Versandetiketten","305-4310390-9473154","Abrechnung für die Rücksendung","0","0","0","-3.69","-3.69"
"13.1.2023","Veröffentlicht","Bezahlung der Bestellung","303-7070968-0607506","Stubai 3571 Spezial-Stemmeisensatz Korkh...","86.52","-1.67","-16.21","18.97","87.61"
"13.1.2023","Veröffentlicht","Bezahlung der Bestellung","306-0138498-8981132","Olfa Rty-4 Hobby Rollenschneider, 18 mm","8.25","0","-2.84","1.65","7.06"
"13.1.2023","Veröffentlicht","Bezahlung der Bestellung","302-1166066-6923507","Estwing BP-10 Goldpfanne aus schwarzem K...","13.47","-1.67","-5.09","4.36","11.07"
"13.1.2023","Veröffentlicht","Bezahlung der Bestellung","304-0983467-1354731","FAMAG Bormax 2.0 prima Staketenbohrersat...","139.33","0","-25.91","33.37","146.79"
"13.1.2023","Veröffentlicht","Bezahlung der Bestellung","306-5075255-7437952","SONAX Aktionsset KratzerEntferner Lack (...","10.24","0","-4.93","2.05","7.36"
"13.1.2023","Veröffentlicht","Bezahlung der Bestellung","306-4039528-7856334","Beko Beko-Strukturdicht 310ml weiß-struk...","6.94","0","-4.16","1.32","4.1"
"13.1.2023","Veröffentlicht","Bezahlung der Bestellung","028-9995658-4181104","Beko Beko-Strukturdicht 310ml weiß-struk...","6.94","0","-4.16","1.32","4.1"
"13.1.2023","Veröffentlicht","Bezahlung der Bestellung","302-4631183-9137112","Silbergleit Trockengleitmittel - Holzgle...","9.12","0","-3.86","1.82","7.08"
"13.1.2023","Veröffentlicht","Commingling VAT","1410656003","Tajima DC560 DRIVER Cuttermesser / Cutter Set mit 13 superscharfen RAZAR BLACK Klingen, 18mm, AUTO LOCK - DC560RB13","0","0","0","-2.71","-2.71"
"13.1.2023","Veröffentlicht","Commingling VAT","1410656003","Tajima DC560 DRIVER Cuttermesser / Cutter Set mit 13 superscharfen RAZAR BLACK Klingen, 18mm, AUTO LOCK - DC560RB13","0","0","0","2.71","2.71"
"13.1.2023","Veröffentlicht","Bezahlung der Bestellung","028-4968573-9950766","Tajima Ersatzklingen für Cutter (Breite ...","14.38","0","-4.59","2.73","12.52"
"13.1.2023","Veröffentlicht","Nicht verfügbarer Saldo","---","Aktueller Reservebetrag","0","0","0","-713.06","-713.06"
"13.1.2023","Veröffentlicht","Nicht verfügbarer Saldo aus vorausgehender Abrechnung","---","Vorheriger Reserverestbetrag","0","0","0","713.06","713.06"
"13.1.2023","Veröffentlicht","Bezahlung der Bestellung","305-8501258-5153928","Tajima Extrastarke Cutterklinge (Ersatzk...","7.53","0","-6.61","5.42","6.34"
"13.1.2023","Veröffentlicht","Commingling VAT","1410644863","Tajima Ersatzklingen für Cutter (Breite 18 mm, 50 Stück in einer Box, Black Blade Klingen, für Pappe, Leder, Folie, Trockenbau geeignet, Ersatzmesser) LCB50RB50H","0","0","0","-2.73","-2.73"
"13.1.2023","Veröffentlicht","Commingling VAT","1410644863","Tajima Ersatzklingen für Cutter (Breite 18 mm, 50 Stück in einer Box, Black Blade Klingen, für Pappe, Leder, Folie, Trockenbau geeignet, Ersatzmesser) LCB50RB50H","0","0","0","2.73","2.73"
"13.1.2023","Veröffentlicht","Commingling VAT","1410644703","Tajima JUMP-SAW Klappsäge (Japansäge, Säge) mit Feder, Sägeblatt 24 cm - HN240","0","0","0","-14.8","-14.8"
"13.1.2023","Veröffentlicht","Commingling VAT","1410644703","Tajima JUMP-SAW Klappsäge (Japansäge, Säge) mit Feder, Sägeblatt 24 cm - HN240","0","0","0","12.22","12.22"
"13.1.2023","Veröffentlicht","Commingling VAT","1410644663","Tajima Ersatzklingen für Cutter (Breite 18 mm, 50 Stück in einer Box, Black Blade Klingen, für Pappe, Leder, Folie, Trockenbau geeignet, Ersatzmesser) LCB50RB50H","0","0","0","-2.73","-2.73"
"13.1.2023","Veröffentlicht","Commingling VAT","1410644663","Tajima Ersatzklingen für Cutter (Breite 18 mm, 50 Stück in einer Box, Black Blade Klingen, für Pappe, Leder, Folie, Trockenbau geeignet, Ersatzmesser) LCB50RB50H","0","0","0","2.73","2.73"
"13.1.2023","Veröffentlicht","Commingling VAT","1410643603","Tajima JUMP-SAW Klappsäge (Japansäge, Säge) mit Feder, Sägeblatt 24 cm - HN240","0","0","0","-6.11","-6.11"
"13.1.2023","Veröffentlicht","Commingling VAT","1410643603","Tajima JUMP-SAW Klappsäge (Japansäge, Säge) mit Feder, Sägeblatt 24 cm - HN240","0","0","0","7.4","7.4"
"13.1.2023","Veröffentlicht","Commingling VAT","1410643613","Tajima JUMP-SAW Klappsäge (Japansäge, Säge) mit Feder, Sägeblatt 24 cm - HN240","0","0","0","-6.11","-6.11"
"13.1.2023","Veröffentlicht","Commingling VAT","1410643613","Tajima JUMP-SAW Klappsäge (Japansäge, Säge) mit Feder, Sägeblatt 24 cm - HN240","0","0","0","6.11","6.11"
"13.1.2023","Veröffentlicht","Bezahlung der Bestellung","306-9437928-9088312","Tajima Razar Black 18 mm Klingen, Spende...","5.08","0","-3","0.97","3.05"
"13.1.2023","Veröffentlicht","Bezahlung der Bestellung","302-2576331-4470704","HW Wendeplatten-Nutfräser 12x50x105mm S=...","45.98","0","-8.99","8.74","45.73"
"13.1.2023","Veröffentlicht","Bezahlung der Bestellung","304-0262591-1887560","Wekem WS-600-030 HTC-Tube 30 Gramm","6.96","0","-2.96","1.32","5.32"
"13.1.2023","Veröffentlicht","Bezahlung der Bestellung","028-8235742-7501110","FAMAG langer Bormax 2.0 WS-Forstnerbohre...","31.79","0","-4.54","6.04","33.29"
"13.1.2023","Veröffentlicht","Bezahlung der Bestellung","303-8594564-1939516","Silbergleit 350 ml Trockengleitmittel fü...","13.93","0","-5.83","2.79","10.89"
"13.1.2023","Veröffentlicht","Bezahlung der Bestellung","306-5143185-7442734","Protus Kurvenlinfix - das flexible Kurve...","24.5","0","-3.79","4.65","25.36"
"13.1.2023","Veröffentlicht","Erstattung","303-1996034-8138760","Tibetlammfell Schaffell lockiges Lammfel...","-57.46","0","8.21","-10.92","-60.17"
"13.1.2023","Veröffentlicht","Bezahlung der Bestellung","304-5344687-3403556","Leinos 240 Hartöl für Innen 307 Schwarz ...","15.01","0","-5.03","2.85","12.83"
"13.1.2023","Veröffentlicht","Bezahlung der Bestellung","302-0300758-8039578","BEKO 2981500 TecLine Haftschmierstoff 50...","13.28","0","-5.86","2.52","9.94"
"13.1.2023","Veröffentlicht","Bezahlung der Bestellung","306-1644067-3945124","Fermitex Pulver - chemischer Rohrreinige...","11.62","0","-6.54","2.21","7.29"
"13.1.2023","Veröffentlicht","Bezahlung der Bestellung","305-3698039-2492351","Tajima Bandmaß PIT Measure (1 m, selbstk...","7.71","-1.67","-3.26","3.13","5.91"
"13.1.2023","Veröffentlicht","Bezahlung der Bestellung","306-9124180-2393129","Stubai Stechbeitel Serie 52 - Form 36: V...","16.7","0","-4.65","3.17","15.22"
"13.1.2023","Veröffentlicht","Bezahlung der Bestellung","028-2258852-1985165","SONAX Aktionsset KratzerEntferner Lack (...","10.46","0","-4.96","1.99","7.49"
"13.1.2023","Veröffentlicht","Bezahlung der Bestellung","304-3080264-5137953","STUBAI WoodRepair Holzreparatur Satz PRO...","239.45","0","-37.04","45.49","247.9"
"13.1.2023","Veröffentlicht","Bezahlung der Bestellung","028-6434233-8812361","Loxeal Gewindedichtung mit PTFE 18-10 Ni...","18.78","0","-2.91","3.57","19.44"
"13.1.2023","Veröffentlicht","Bezahlung der Bestellung","028-6917974-5268330","Piher Parallelzwinge Modell PRL 80cm Arb...","137.35","0","-22.14","32.97","148.18"
"13.1.2023","Veröffentlicht","Bezahlung der Bestellung","028-3747899-2409139","KIRSCHEN Werkzeuge 3307000 | Schnitzmess...","46.8","0","-7.24","8.89","48.45"
"13.1.2023","Veröffentlicht","Bezahlung der Bestellung","305-8378755-3373912","Stubai Sappel Tiroler Form mit Stiel ,Ko...","68.02","0","-10.52","12.92","70.42"
"13.1.2023","Veröffentlicht","Bezahlung der Bestellung","302-3437089-5801132","Kirschen 3686000 Juniorsatz - Grundausst...","111.28","0","-17.21","21.14","115.21"
"13.1.2023","Veröffentlicht","Bezahlung der Bestellung","304-3068015-9778736","Stehle HW (HM) MAN Nut-Fräser 125x4,0/2,...","54.04","0","-8.36","10.27","55.95"
"13.1.2023","Veröffentlicht","Bezahlung der Bestellung","303-5727655-5433944","Drechslerbeitel hohl langes Heft","63.45","0","-10.61","18.19","71.03"
"13.1.2023","Veröffentlicht","Bezahlung der Bestellung","302-2592624-5977146","STUBAI WoodRepair Holzreparatur Satz PRO...","239.45","0","-37.04","45.49","247.9"
"13.1.2023","Veröffentlicht","Bezahlung der Bestellung","028-7451159-9907545","Ziehklingenstahl mit Holzheft rund","14.21","0","-2.2","2.7","14.71"
"13.1.2023","Veröffentlicht","Bezahlung der Bestellung","306-2902628-9615534","FAMAG 1639 Bohrerverlängerung GL 400mm I...","46.85","0","-7.25","8.9","48.5"
"13.1.2023","Veröffentlicht","Bezahlung der Bestellung","304-6100600-1459523","Stubai 705003 HSS-Abstecher 15x3 mm, 15 ...","47.72","0","-7.38","9.07","49.41"
"13.1.2023","Veröffentlicht","Bezahlung der Bestellung","302-9970635-4156318","FAMAG Holzspiralbohrersatz 5-teilig D=3,...","25.93","0","-4.76","10.69","31.86"
"13.1.2023","Veröffentlicht","Bezahlung der Bestellung","028-0189687-2337916","FAMAG 1410 Schlangenbohrer WS Lewis 460x...","28.85","0","-4.46","5.48","29.87"
"13.1.2023","Veröffentlicht","Bezahlung der Bestellung","302-7309631-4373957","Stubai Stechbeitel Serie 52 - Form 28: G...","56.82","0","-9.58","16.86","64.1"
"13.1.2023","Veröffentlicht","Bezahlung der Bestellung","305-1143274-4799528","FAMAG Bormax Hartmetall-Forstnerbohrer 3...","56.96","0","-8.81","10.82","58.97"
"13.1.2023","Veröffentlicht","Bezahlung der Bestellung","028-1629549-0131549","Stubai Sappel Tiroler Form mit Stiel ,Ko...","68.02","0","-10.52","12.92","70.42"
"13.1.2023","Veröffentlicht","Bezahlung der Bestellung","302-8137086-4138762","FAMAG Anlauflagersatz für die Serien 310...","18.52","0","-2.87","3.52","19.17"
"13.1.2023","Veröffentlicht","Bezahlung der Bestellung","305-3543522-6203502","Stubai Ersatzstiel für Superspalter 6719...","68.5","0","-11.04","13.01","70.47"
"13.1.2023","Veröffentlicht","Bei Amazon gekaufte Versandetiketten","306-5143185-7442734","Fakturierung","-4.07","0","0","0","-4.07"
"13.1.2023","Veröffentlicht","Bezahlung der Bestellung","028-8004243-3735525","Leinos 240 Hartöl für Innen 002 Farblos ...","23.07","0","-7.27","4.38","20.18"
"13.1.2023","Veröffentlicht","Commingling VAT","1410617423","beko Fugenschnurz-Set Fugenspachtel - Set 200 5 001","0","0","0","-1.77","-1.77"
"13.1.2023","Veröffentlicht","Commingling VAT","1410617423","beko Fugenschnurz-Set Fugenspachtel - Set 200 5 001","0","0","0","1.77","1.77"
"13.1.2023","Veröffentlicht","Commingling VAT","1410616933","beko Fugenschnurz-Set Fugenspachtel - Set 200 5 001","0","0","0","-1.46","-1.46"
"13.1.2023","Veröffentlicht","Commingling VAT","1410616933","beko Fugenschnurz-Set Fugenspachtel - Set 200 5 001","0","0","0","1.77","1.77"
"13.1.2023","Veröffentlicht","Commingling VAT","1410615143","Tajima Ersatzklingen für Cutter (Breite 18 mm, 50 Stück in einer Box, Black Blade Klingen, für Pappe, Leder, Folie, Trockenbau geeignet, Ersatzmesser) LCB50RB50H","0","0","0","-2.73","-2.73"
"13.1.2023","Veröffentlicht","Commingling VAT","1410615143","Tajima Ersatzklingen für Cutter (Breite 18 mm, 50 Stück in einer Box, Black Blade Klingen, für Pappe, Leder, Folie, Trockenbau geeignet, Ersatzmesser) LCB50RB50H","0","0","0","2.73","2.73"
"13.1.2023","Veröffentlicht","Service-Gebühren","---","Frachtkosten für den Transport zum Amazon-Versandzentrum","0","0","0","-1.65","-1.65"
"13.1.2023","Verzögert","Bezahlung der Bestellung","304-4711627-9541924","Druckknopf mittel, Hayate","63.66","0","-9.84","12.12","65.94"
"13.1.2023","Veröffentlicht","Commingling VAT","1410614403","Tajima Ersatzklingen für Cutter (Breite 18 mm, 50 Stück in einer Box, Black Blade Klingen, für Pappe, Leder, Folie, Trockenbau geeignet, Ersatzmesser) LCB50RB50H","0","0","0","-2.73","-2.73"
"13.1.2023","Veröffentlicht","Commingling VAT","1410614403","Tajima Ersatzklingen für Cutter (Breite 18 mm, 50 Stück in einer Box, Black Blade Klingen, für Pappe, Leder, Folie, Trockenbau geeignet, Ersatzmesser) LCB50RB50H","0","0","0","2.73","2.73"
"13.1.2023","Veröffentlicht","Commingling VAT","1410613683","Tajima DC560 DRIVER Cuttermesser / Cutter Set mit 13 superscharfen RAZAR BLACK Klingen, 18mm, AUTO LOCK - DC560RB13","0","0","0","-2.96","-2.96"
"13.1.2023","Veröffentlicht","Commingling VAT","1410611423","Tajima DC560 DRIVER Cuttermesser / Cutter Set mit 13 superscharfen RAZAR BLACK Klingen, 18mm, AUTO LOCK - DC560RB13","0","0","0","-2.96","-2.96"
"13.1.2023","Veröffentlicht","Bezahlung der Bestellung","302-9471463-8015555","Fre-Pro Hang Tag universeller Lufterfris...","76.1","0","-11.78","14.46","78.78"
"13.1.2023","Veröffentlicht","Bezahlung der Bestellung","305-6525863-1229125","FAMAG 3582 Scharnierlochbohrer Zenterfix...","19.58","0","-4.43","0","15.15"
"13.1.2023","Veröffentlicht","Bezahlung der Bestellung","304-4318322-3019530","WoodRepair Holzreparatur Astfüller Kompa...","24.87","0","-3.85","4.73","25.75"
"13.1.2023","Veröffentlicht","Bezahlung der Bestellung","306-1004316-6413140","Leinos 254 Stein- und Betonöl für Innen ...","24.62","0","-7.51","4.68","21.79"
"13.1.2023","Veröffentlicht","Bezahlung der Bestellung","304-6487337-8608335","STUBAI WoodRepair Astfüller für Holzschä...","22.97","0","-3.55","4.37","23.79"
"13.1.2023","Veröffentlicht","Bezahlung der Bestellung","028-4592110-2987568","Bildhauerklüpfel konisch Weißbuche 80mm","20.61","0","-3.19","3.91","21.33"
"13.1.2023","Veröffentlicht","Bezahlung der Bestellung","304-6351570-9750712","Fermit 18006 Brennerreiniger Spray 500ml...","17.22","0","-10.27","3.28","10.23"
"13.1.2023","Veröffentlicht","Bezahlung der Bestellung","305-1728757-7959565","Fermit Anti-Seize Kupferpastenspray 400m...","8.71","0","-4.77","1.66","5.6"
"13.1.2023","Veröffentlicht","Bei Amazon gekaufte Versandetiketten","304-4711627-9541924","Fakturierung","-4.07","0","0","0","-4.07"
"13.1.2023","Veröffentlicht","Bezahlung der Bestellung","303-0442038-7509943","Stubai Stechbeitel Serie 55 - Form 71 : ...","20.18","0","-5.22","4.04","19"
"13.1.2023","Veröffentlicht","Bei Amazon gekaufte Versandetiketten","302-9471463-8015555","Fakturierung","-4.07","0","0","0","-4.07"
"13.1.2023","Veröffentlicht","Commingling VAT","1410601453","Tajima Bandmaß PIT Measure (1 m, selbstklebende Rückseite zur Befestigung auf Oberflächen, für Werkbänke, Breite 13 mm, Farbe Weiß, Japanstahl, korrosionsbeständig) PIT10","0","0","0","1.44","1.44"
"13.1.2023","Veröffentlicht","Bezahlung der Bestellung","028-9737597-3131546","Tajima Ersatzklingen für Cutter (Breite ...","28.78","-3.35","-9.2","8.81","25.04"
"13.1.2023","Veröffentlicht","Bei Amazon gekaufte Versandetiketten","304-4318322-3019530","Fakturierung","-4.07","0","0","0","-4.07"
"13.1.2023","Veröffentlicht","Bei Amazon gekaufte Versandetiketten","304-6487337-8608335","Fakturierung","-4.07","0","0","0","-4.07"
"13.1.2023","Veröffentlicht","Bei Amazon gekaufte Versandetiketten","028-4592110-2987568","Fakturierung","-4.07","0","0","0","-4.07"
"13.1.2023","Veröffentlicht","Bezahlung der Bestellung","304-2767613-2941927","SONAX Aktionsset KratzerEntferner Lack (...","10.46","0","-4.96","1.99","7.49"
"13.1.2023","Verzögert","Bezahlung der Bestellung","028-4240776-4412311","FAMAG 1001 Schalungsbohrer CV mit Zylind...","68.56","0","-15.42","0","53.14"
"13.1.2023","Veröffentlicht","Service-Gebühren","---","Frachtkosten für den Transport zum Amazon-Versandzentrum","0","0","0","-1.65","-1.65"
"13.1.2023","Veröffentlicht","Bezahlung der Bestellung","302-2433720-1518748","Tajima Robustes Bandmaß Class 1, 1 Stück...","36.51","0","-13.78","6.93","29.66"
"13.1.2023","Veröffentlicht","Bezahlung der Bestellung","302-7223995-0438736","Tajima Ersatzklingen für Cutter (Breite ...","14.97","0","-4.69","2.84","13.12"
"13.1.2023","Veröffentlicht","Bezahlung der Bestellung","303-4671820-8449969","Tajima Ersatzklingen für Cutter (Breite ...","14.09","0","-7.5","3.99","10.58"
"13.1.2023","Veröffentlicht","Bezahlung der Bestellung","304-3826924-2909151","Stehle HW HKS-Massiv Kreissägeblatt für ...","11.5","-1.67","-5.1","3.86","8.59"
"13.1.2023","Veröffentlicht","Bezahlung der Bestellung","304-5232432-5678700","Bandsägeblatt Banso"Flex back" Made in G...","75","0","-11.61","14.25","77.64"
"13.1.2023","Veröffentlicht","Bezahlung der Bestellung","306-3681060-2341169","Bandsägeblatt Banso"Flex back" Made in G...","20.39","0","-3.15","3.87","21.11"
"13.1.2023","Veröffentlicht","Bezahlung der Bestellung","303-7247591-6269144","Tajima TAJ-CB50RB DORA Cutterklinge RAZA...","9.5","0","-1.47","1.8","9.83"
"13.1.2023","Veröffentlicht","Bezahlung der Bestellung","303-9720459-1182754","Tajima Kartuschenpresse Convoy Super 26,...","31.5","0","-4.87","5.99","32.62"
"13.1.2023","Veröffentlicht","Bezahlung der Bestellung","305-4969058-5945139","Spezial-Trägerset Schreiner, passend zu ...","72.76","0","-11.26","13.82","75.32"
"13.1.2023","Veröffentlicht","Bei Amazon gekaufte Versandetiketten","028-9300637-7169917","Abrechnung für die Rücksendung","0","0","0","-3.69","-3.69"
"13.1.2023","Veröffentlicht","Commingling VAT","1410578153","Tajima Bandmaß PIT Measure (1 m, selbstklebende Rückseite zur Befestigung auf Oberflächen, für Werkbänke, Breite 13 mm, Farbe Weiß, Japanstahl, korrosionsbeständig) PIT10","0","0","0","-1.71","-1.71"
"13.1.2023","Veröffentlicht","Bei Amazon gekaufte Versandetiketten","303-9720459-1182754","Fakturierung","-4.07","0","0","0","-4.07"
"13.1.2023","Veröffentlicht","Bei Amazon gekaufte Versandetiketten","303-7247591-6269144","Fakturierung","-4.07","0","0","0","-4.07"
"13.1.2023","Veröffentlicht","Bei Amazon gekaufte Versandetiketten","305-4969058-5945139","Fakturierung","-4.07","0","0","0","-4.07"
"13.1.2023","Veröffentlicht","Commingling VAT","1410576883","Tajima Bandmaß PIT Measure (1 m, selbstklebende Rückseite zur Befestigung auf Oberflächen, für Werkbänke, Breite 13 mm, Farbe Weiß, Japanstahl, korrosionsbeständig) PIT10","0","0","0","-1.96","-1.96"
"13.1.2023","Veröffentlicht","Commingling VAT","1410575233","Tajima Ersatzklingen für Cutter (Breite 18 mm, 50 Stück in einer Box, Black Blade Klingen, für Pappe, Leder, Folie, Trockenbau geeignet, Ersatzmesser) LCB50RB50H","0","0","0","-2.73","-2.73"
"13.1.2023","Veröffentlicht","Commingling VAT","1410575233","Tajima Ersatzklingen für Cutter (Breite 18 mm, 50 Stück in einer Box, Black Blade Klingen, für Pappe, Leder, Folie, Trockenbau geeignet, Ersatzmesser) LCB50RB50H","0","0","0","2.73","2.73"
"13.1.2023","Veröffentlicht","Commingling VAT","1410574663","Tajima Ersatzklingen für Cutter (Breite 18 mm, 50 Stück in einer Box, Black Blade Klingen, für Pappe, Leder, Folie, Trockenbau geeignet, Ersatzmesser) LCB50RB50H","0","0","0","-2.73","-2.73"
"13.1.2023","Veröffentlicht","Commingling VAT","1410574663","Tajima Ersatzklingen für Cutter (Breite 18 mm, 50 Stück in einer Box, Black Blade Klingen, für Pappe, Leder, Folie, Trockenbau geeignet, Ersatzmesser) LCB50RB50H","0","0","0","2.73","2.73"
"13.1.2023","Verzögert","Bezahlung der Bestellung","306-2179701-3939546","Lackhobel/Lackziehklinge LZK-HM für Tisc...","39.78","0","-8.28","7.96","39.46"
"13.1.2023","Veröffentlicht","Bezahlung der Bestellung","304-5443535-1131566","Tajima Ersatzklingen für Cutter (Breite ...","14.09","0","-4.94","0.91","10.06"
"13.1.2023","Veröffentlicht","Service-Gebühren","---","Frachtkosten für den Transport zum Amazon-Versandzentrum","0","0","0","-1.65","-1.65"
"13.1.2023","Veröffentlicht","Bezahlung der Bestellung","305-5987904-1525924","Silky japanische Klappsäge Gomboy 270mm ...","50.42","-0.58","-11.91","10.16","48.09"
"13.1.2023","Veröffentlicht","Bezahlung der Bestellung","303-5773873-5481124","Silky BigBoy 360 rot, grobe Verzahnung -...","63.85","0","-9.88","12.13","66.1"
"13.1.2023","Verzögert","Bezahlung der Bestellung","303-8337525-6673143","Tajima TAJ-DFC561W DORA FIN Cuttermesser...","11.16","-1.12","-4.44","3.24","8.84"
"13.1.2023","Veröffentlicht","Commingling VAT","1410560993","OLFA Cuttermesser L5 18mm mit X-Design Griff","0","0","0","2.05","2.05"
"13.1.2023","Veröffentlicht","Bezahlung der Bestellung","303-2805581-4352344","Tajima DC561 DRIVER Cuttermesser/Cutter ...","11.61","0","-4.01","2.21","9.81"
"13.1.2023","Veröffentlicht","Commingling VAT","1410551063","Tajima CB39RB Razar Black Lames de rechange 9 mm 30° coudée, Noir, Set de 10 Pièces","0","0","0","-1.04","-1.04"
"13.1.2023","Veröffentlicht","Commingling VAT","1410551063","Tajima CB39RB Razar Black Lames de rechange 9 mm 30° coudée, Noir, Set de 10 Pièces","0","0","0","1.04","1.04"
"13.1.2023","Veröffentlicht","Bezahlung der Bestellung","305-2115276-5879531","Fermitex Pulver - chemischer Rohrreinige...","12.82","0","-6.76","2.44","8.5"
"13.1.2023","Verzögert","Bezahlung der Bestellung","305-3162516-2253929","beko Speed-Ex Der Abbeizer 750 ml 299 60...","18.58","0","-6.68","3.53","15.43"
"13.1.2023","Veröffentlicht","Bezahlung der Bestellung","028-9991367-3912339","Tajima Senklot Plump-Rite 400 GP (mit 40...","69.84","0","-16.98","13.28","66.14"
"13.1.2023","Veröffentlicht","Bezahlung der Bestellung","305-1859455-1199512","HALDER mit Stahlgussgehäuse und hochwert...","56.21","0","-16.06","10.68","50.83"
"13.1.2023","Veröffentlicht","Commingling VAT","1410541323","Tajima Ersatzklingen für Cuttermesser (10 Stück, Klingen für Cuttermesser DC390B, Klingenlänge 72 mm, Breite 9 mm, für Leder, Tapete, Folie, Pappe) CB39RB","0","0","0","-1.04","-1.04"
"13.1.2023","Veröffentlicht","Commingling VAT","1410541323","Tajima Ersatzklingen für Cuttermesser (10 Stück, Klingen für Cuttermesser DC390B, Klingenlänge 72 mm, Breite 9 mm, für Leder, Tapete, Folie, Pappe) CB39RB","0","0","0","1.04","1.04"
"13.1.2023","Veröffentlicht","Commingling VAT","1410540363","Tajima Ersatzklingen für Cuttermesser (10 Stück, Klingen für Cuttermesser DC390B, Klingenlänge 72 mm, Breite 9 mm, für Leder, Tapete, Folie, Pappe) CB39RB","0","0","0","-1.04","-1.04"
"13.1.2023","Veröffentlicht","Commingling VAT","1410540363","Tajima Ersatzklingen für Cuttermesser (10 Stück, Klingen für Cuttermesser DC390B, Klingenlänge 72 mm, Breite 9 mm, für Leder, Tapete, Folie, Pappe) CB39RB","0","0","0","1.04","1.04"
"13.1.2023","Veröffentlicht","Bezahlung der Bestellung","304-1883530-1084359","Tajima Ersatzklingen für Cutter (Breite ...","15.24","-1.68","-4.73","4.58","13.41"
"13.1.2023","Veröffentlicht","Bezahlung der Bestellung","302-3166382-4084329","Leinos 240 Hartöl für Innen 062 Nussbaum...","25.77","-3.99","-7.05","3.99","18.72"
"13.1.2023","Veröffentlicht","Bezahlung der Bestellung","028-0284402-0695562","Tajima Ersatzklingen für Cutter (Breite ...","14.38","-0.31","-4.59","3.04","12.52"
"13.1.2023","Veröffentlicht","Bezahlung der Bestellung","302-1042404-5070718","Protus Kurvenlinfix - das flexible Kurve...","77.32","0","-23.54","5.15","58.93"
"13.1.2023","Veröffentlicht","Service-Gebühren","---","Frachtkosten für den Transport zum Amazon-Versandzentrum","0","0","0","-1.65","-1.65"
"13.1.2023","Veröffentlicht","Bezahlung der Bestellung","303-9447304-8811504","pool fermit 16036 Fermit Verlängerung Ka...","17.16","0","-11.19","3.27","9.24"
"13.1.2023","Veröffentlicht","Bezahlung der Bestellung","304-2011196-9083514","Tajima Ersatzklingen für Cuttermesser (1...","5.48","-1.11","-2.93","2.21","3.65"
"13.1.2023","Veröffentlicht","Service-Gebühren","---","Frachtkosten für den Transport zum Amazon-Versandzentrum","0","0","0","-1.65","-1.65"
"13.1.2023","Verzögert","Bezahlung der Bestellung","028-0133577-4277149","20 x Beko Acryl-Dichtstoff weiß, 310 ml ...","30.97","0","-4.79","5.88","32.06"
"13.1.2023","Veröffentlicht","Bezahlung der Bestellung","028-9790485-5516314","Bandsägeblatt Banso"Flex back" Made in G...","19.18","0","-2.97","3.65","19.86"
"13.1.2023","Veröffentlicht","Service-Gebühren","---","Frachtkosten für den Transport zum Amazon-Versandzentrum","0","0","0","-1.65","-1.65"
"13.1.2023","Veröffentlicht","Bezahlung der Bestellung","305-2462694-6668340","Leinos 240 Hartöl für Innen 092 Kastanie...","31.61","0","-4.89","6.01","32.73"
"13.1.2023","Veröffentlicht","Commingling VAT","1410523703","OLFA Cuttermesser L5 18mm mit X-Design Griff","0","0","0","2.05","2.05"
"13.1.2023","Veröffentlicht","Service-Gebühren","---","Frachtkosten für den Transport zum Amazon-Versandzentrum","0","0","0","-1.65","-1.65"
"13.1.2023","Veröffentlicht","Bezahlung der Bestellung","303-4706233-4677955","Plattenheber 1521 Verstellbar von 300-50...","12.69","0","-9.65","6.4","9.44"
"13.1.2023","Veröffentlicht","Bezahlung der Bestellung","304-0098928-8002713","Tajima Cable Mate Knife Allround Messer ...","23.19","0","-5.8","4.41","21.8"
"13.1.2023","Veröffentlicht","Bei Amazon gekaufte Versandetiketten","028-0133577-4277149","Fakturierung","-4.07","0","0","0","-4.07"
"13.1.2023","Verzögert","Bezahlung der Bestellung","303-1287507-7115539","WILPU Säbelsägeblatt Spezial Anwendungen...","36.28","0","-5.61","6.89","37.56"
"13.1.2023","Veröffentlicht","Bezahlung der Bestellung","305-1142721-2546725","Cornat Silikon 100ml Tube, transparent, ...","9.39","0","-1.45","1.79","9.73"
"13.1.2023","Veröffentlicht","Bezahlung der Bestellung","303-9282509-2748319","20 x Beko Acryl-Dichtstoff weiß, 310 ml ...","30.97","0","-4.79","5.89","32.07"
"13.1.2023","Veröffentlicht","Bezahlung der Bestellung","304-5741552-0910756","Fermit Glasfaserschnur 12mm x 2,5m, weiß","10.92","0","-1.69","2.08","11.31"
"13.1.2023","Veröffentlicht","Commingling VAT","1410515963","Olfa Cutter Ersatzklingen ABB-50 (extra scharf) - Großpack mit 50 Klingen","0","0","0","-2.37","-2.37"
"13.1.2023","Veröffentlicht","Commingling VAT","1410515963","Olfa Cutter Ersatzklingen ABB-50 (extra scharf) - Großpack mit 50 Klingen","0","0","0","1.95","1.95"
"13.1.2023","Veröffentlicht","Commingling VAT","1410515633","Olfa Cutter Ersatzklingen ABB-50 (extra scharf) - Großpack mit 50 Klingen","0","0","0","-1.96","-1.96"
"13.1.2023","Veröffentlicht","Commingling VAT","1410515633","Olfa Cutter Ersatzklingen ABB-50 (extra scharf) - Großpack mit 50 Klingen","0","0","0","1.95","1.95"
"13.1.2023","Veröffentlicht","Bezahlung der Bestellung","306-7362062-0291509","Spezial-Trägerset Schreiner, passend zu ...","73.36","0","-19.11","13.94","68.19"
"13.1.2023","Veröffentlicht","Bezahlung der Bestellung","303-4541232-4218702","Klappsäge Silky® Woodboy Kataba 240, que...","70.44","0","-10.9","13.38","72.92"
"13.1.2023","Veröffentlicht","Bezahlung der Bestellung","305-4633179-7409930","Metabo 4 Hartmetall-Wendemesser (als Ers...","20.7","0","-3.2","3.94","21.44"
"13.1.2023","Veröffentlicht","Bezahlung der Bestellung","302-0790372-7622729","Stubai 440303 Gitterrabot lackiert mit Z...","35.76","0","-5.53","6.79","37.02"
"13.1.2023","Veröffentlicht","Bezahlung der Bestellung","306-4213241-2411529","STUBAI WoodRepair BCD180 Astfüller Pisto...","71.04","0","-10.99","13.5","73.55"
"13.1.2023","Veröffentlicht","Bezahlung der Bestellung","306-7197207-6530711","SONAX Aktionsset KratzerEntferner Lack (...","10.46","0","-4.96","1.99","7.49"
"13.1.2023","Veröffentlicht","Bei Amazon gekaufte Versandetiketten","303-1287507-7115539","Fakturierung","-4.07","0","0","0","-4.07"
"13.1.2023","Veröffentlicht","Bei Amazon gekaufte Versandetiketten","305-1142721-2546725","Fakturierung","-4.07","0","0","0","-4.07"
"13.1.2023","Veröffentlicht","Bei Amazon gekaufte Versandetiketten","304-5741552-0910756","Fakturierung","-4.07","0","0","0","-4.07"
"13.1.2023","Veröffentlicht","Bei Amazon gekaufte Versandetiketten","303-9282509-2748319","Fakturierung","-4.07","0","0","0","-4.07"
"13.1.2023","Verzögert","Bezahlung der Bestellung","302-9188934-3409104","Tajima RAPID PULL Japansäge 265 mm + zus...","24.88","0","-9.99","4.73","19.62"
"13.1.2023","Veröffentlicht","Commingling VAT","1410504813","Tajima Razar Black 18 mm Klingen, Spender und Karte, 1 Stück, LCB50RBC/K1","0","0","0","-1.17","-1.17"
"13.1.2023","Veröffentlicht","Commingling VAT","1410504813","Tajima Razar Black 18 mm Klingen, Spender und Karte, 1 Stück, LCB50RBC/K1","0","0","0","0.97","0.97"
"13.1.2023","Veröffentlicht","Commingling VAT","1410504023","Tajima Razar Black 18 mm Klingen, Spender und Karte, 1 Stück, LCB50RBC/K1","0","0","0","-1.17","-1.17"
"13.1.2023","Veröffentlicht","Commingling VAT","1410504023","Tajima Razar Black 18 mm Klingen, Spender und Karte, 1 Stück, LCB50RBC/K1","0","0","0","0.97","0.97"
"13.1.2023","Veröffentlicht","Bei Amazon gekaufte Versandetiketten","305-4633179-7409930","Fakturierung","-4.07","0","0","0","-4.07"
"13.1.2023","Veröffentlicht","Bei Amazon gekaufte Versandetiketten","302-0790372-7622729","Fakturierung","-4.07","0","0","0","-4.07"
"13.1.2023","Veröffentlicht","Bei Amazon gekaufte Versandetiketten","306-4213241-2411529","Fakturierung","-4.07","0","0","0","-4.07"
"13.1.2023","Veröffentlicht","Commingling VAT","1410499473","Tajima RAZAR BLACK Cutterklinge 25mm (Ersatzklinge für Cutter) - Set mit 20 Stück - CB65RB-20H","0","0","0","-3.26","-3.26"
"13.1.2023","Veröffentlicht","Commingling VAT","1410499473","Tajima RAZAR BLACK Cutterklinge 25mm (Ersatzklinge für Cutter) - Set mit 20 Stück - CB65RB-20H","0","0","0","3.27","3.27"
"13.1.2023","Verzögert","Bezahlung der Bestellung","303-4655893-2704325","Tajima Ersatzklingen für Cutter (Breite ...","71.9","-3.34","-22.94","16.99","62.61"
"13.1.2023","Veröffentlicht","Commingling VAT","1410499203","Tajima RAZAR BLACK Cutterklinge 25mm (Ersatzklinge für Cutter) - Set mit 20 Stück - CB65RB-20H","0","0","0","-3.26","-3.26"
"13.1.2023","Veröffentlicht","Commingling VAT","1410499203","Tajima RAZAR BLACK Cutterklinge 25mm (Ersatzklinge für Cutter) - Set mit 20 Stück - CB65RB-20H","0","0","0","3.95","3.95"
"13.1.2023","Veröffentlicht","Bezahlung der Bestellung","303-7863414-8215567","Protus Kurvenlinfix - das flexible Kurve...","38.66","0","-9.25","7.73","37.14"
"13.1.2023","Veröffentlicht","Bezahlung der Bestellung","028-9865856-3012312","Tajima ALB270 Sägeblatt "Tajima" 270 mm ...","15.46","0","-5.38","2.94","13.02"
"13.1.2023","Veröffentlicht","Bezahlung der Bestellung","302-1234855-3729161","Silky 270-33 Zubat Handsäge mit Scheide,...","56.21","0","-14.84","10.68","52.05"
"13.1.2023","Veröffentlicht","Bezahlung der Bestellung","302-4162027-2129966","Stehle HW HKS-Massiv Kreissägeblatt für ...","23.45","0","-7.74","4.46","20.17"
"13.1.2023","Veröffentlicht","Bezahlung der Bestellung","303-3752044-3457916","Tajima DC561 DRIVER Cuttermesser/Cutter ...","11.43","-0.83","-3.98","3","9.62"
"13.1.2023","Veröffentlicht","Bezahlung der Bestellung","304-2117469-1721933","Tajima Bandmaß PIT Measure (1 m, selbstk...","6.88","0","-3.13","1.31","5.06"
"13.1.2023","Veröffentlicht","Bezahlung der Bestellung","306-1249014-1589139","Tajima Schlagschnurgerät Chalk-Rite Dura...","26.97","-0.84","-7.26","5.97","24.84"
"13.1.2023","Veröffentlicht","Bezahlung der Bestellung","028-5353001-8761155","SONAX Aktionsset KratzerEntferner Lack (...","10.46","0","-4.96","1.99","7.49"
"13.1.2023","Veröffentlicht","Bezahlung der Bestellung","306-0156808-3978711","Felo Schraubendreher Satz VDE, ERGONIC, ...","22.42","0","-6.18","4.26","20.5"
"13.1.2023","Veröffentlicht","Bezahlung der Bestellung","305-3168344-2304312","Tajima Extrastarke Cutterklinge (Ersatzk...","7.53","0","-3.37","1.43","5.59"
"13.1.2023","Veröffentlicht","Bezahlung der Bestellung","302-5189108-8573155","OLFA FWB-10 - Pack de 10 cuchillas troce...","12.88","0","-5.76","2.44","9.56"
"13.1.2023","Veröffentlicht","Bezahlung der Bestellung","306-7025706-1972332","HW Dübellochbohrer für MAFELL, 10x58mm S...","35.1","0","-8.77","6.68","33.01"
"13.1.2023","Veröffentlicht","Bezahlung der Bestellung","302-5189108-8573155","Olfa LBB Cuttermesser-Klingen, Schwarz, ...","13.87","0","-4.52","2.63","11.98"
"13.1.2023","Veröffentlicht","Erstattung","303-6237541-0418762","Vogel-Spikes-Kleber 310 ml transparent","-10.65","0","1.32","-2.02","-11.35"
"13.1.2023","Veröffentlicht","Bezahlung der Bestellung","305-1927119-4499548","BOEHM JBL219CM Locheisensatz 2-19mm inkl...","51.61","0","-11.07","9.8","50.34"
"13.1.2023","Verzögert","Bezahlung der Bestellung","305-5164806-3557164","SONAX Aktionsset KratzerEntferner Lack (...","10.46","-1.68","-4.96","3.67","7.49"
"13.1.2023","Veröffentlicht","Bezahlung der Bestellung","304-6390093-8743526","Stubai Stechbeitel Serie 55 - Form 16 : ...","42.55","0","-7.35","14.01","49.21"
"13.1.2023","Veröffentlicht","Bezahlung der Bestellung","304-9515868-8177121","Neo Fermit Dichtungsset (1 Rolle Hanf 40...","6.72","0","-4.13","1.28","3.87"
"13.1.2023","Veröffentlicht","Commingling VAT","1410456703","OLFA A1 Cutter Messer, 9 mm","0","0","0","-1.37","-1.37"
"13.1.2023","Veröffentlicht","Commingling VAT","1410456703","OLFA A1 Cutter Messer, 9 mm","0","0","0","1.37","1.37"
"13.1.2023","Veröffentlicht","Bezahlung der Bestellung","306-8336611-1776348","epi Rührbesen RB 130 GN V2A, lebensmitte...","85.92","0","-13.29","16.32","88.95"
"13.1.2023","Veröffentlicht","Commingling VAT","1410455963","OLFA A1 Cutter Messer, 9 mm","0","0","0","-1.37","-1.37"
"13.1.2023","Veröffentlicht","Commingling VAT","1410455963","OLFA A1 Cutter Messer, 9 mm","0","0","0","1.37","1.37"
"13.1.2023","Veröffentlicht","Bezahlung der Bestellung","305-3394157-2037169","Wekem WS-8 Profi-Druckpumpzerstäuber 1 L...","276.1","0","-42.7","52.4","285.8"
"13.1.2023","Veröffentlicht","Bezahlung der Bestellung","028-5780592-4213114","Schwaigertools Türheber - Porty XL Tragk...","30.1","0","-7.75","5.72","28.07"
"13.1.2023","Veröffentlicht","Bezahlung der Bestellung","305-3980171-0973156","beko Parkettfugendicht 310 ml eiche-hell...","8.35","0","-7.73","5.58","6.2"
"13.1.2023","Veröffentlicht","Commingling VAT","1410450073","Tajima Senklot Plump-Rite 400 GP (mit 400g Schnellstabilisator, Gehäuse mit Elastomer-Ummantelung, Handlot mit automatischem Einzug) PZB400GD","0","0","0","-17.46","-17.46"
"13.1.2023","Veröffentlicht","Commingling VAT","1410450083","Tajima Senklot Plump-Rite 400 GP (mit 400g Schnellstabilisator, Gehäuse mit Elastomer-Ummantelung, Handlot mit automatischem Einzug) PZB400GD","0","0","0","-7.21","-7.21"
"13.1.2023","Veröffentlicht","Commingling VAT","1410449603","OLFA A1 Cutter Messer, 9 mm","0","0","0","-1.37","-1.37"
"13.1.2023","Veröffentlicht","Commingling VAT","1410449603","OLFA A1 Cutter Messer, 9 mm","0","0","0","1.37","1.37"
"13.1.2023","Veröffentlicht","Commingling VAT","1410449013","OLFA A1 Cutter Messer, 9 mm","0","0","0","-1.37","-1.37"
"13.1.2023","Veröffentlicht","Commingling VAT","1410449013","OLFA A1 Cutter Messer, 9 mm","0","0","0","1.37","1.37"
"13.1.2023","Veröffentlicht","Bezahlung der Bestellung","303-1996034-8138760","Tibetlammfell Schaffell lockiges Lammfel...","57.46","0","-14.37","10.92","54.01"
"13.1.2023","Veröffentlicht","Bezahlung der Bestellung","305-9238815-0026709","Tajima Quick Back Cuttermesser 18mm DFC5...","20.01","0","-3.1","3.8","20.71"
"13.1.2023","Veröffentlicht","Bezahlung der Bestellung","304-0081135-9813922","Silky Ersatzblatt für Silky Klappsäge Bi...","44.3","0","-6.85","8.42","45.87"
"13.1.2023","Veröffentlicht","Bezahlung der Bestellung","306-8570022-6089128","beko Speed-Ex Der Abbeizer 750 ml 299 60...","18.58","-1.12","-6.68","4.65","15.43"
"13.1.2023","Veröffentlicht","Commingling VAT","1410443603","OLFA Cuttermesser L5 18mm mit X-Design Griff","0","0","0","2.06","2.06"
"13.1.2023","Veröffentlicht","Bezahlung der Bestellung","028-9193436-8886731","Fre-Pro Bowl Clip - Duftspender/Lufterfr...","31.04","0","-8.5","5.9","28.44"
"13.1.2023","Veröffentlicht","Commingling VAT","1410443453","OLFA Cuttermesser L5 18mm mit X-Design Griff","0","0","0","2.06","2.06"
"13.1.2023","Veröffentlicht","Bezahlung der Bestellung","S02-3569574-7825563","Rennsteig 310 125 1 Flachmeißel lackiert...","0","0","-4.9","0","-4.9"
"13.1.2023","Veröffentlicht","Bei Amazon gekaufte Versandetiketten","305-9238815-0026709","Fakturierung","-4.07","0","0","0","-4.07"
"13.1.2023","Veröffentlicht","Bei Amazon gekaufte Versandetiketten","304-0081135-9813922","Fakturierung","-4.07","0","0","0","-4.07"
"13.1.2023","Veröffentlicht","Bezahlung der Bestellung","028-0108610-6179535","SONAX Aktionsset KratzerEntferner Lack (...","12.47","0","-5.32","2.37","9.52"
"13.1.2023","Veröffentlicht","Bezahlung der Bestellung","302-8061565-2981944","Tajima RAPID PULL Japansäge 265 mm + zus...","24.88","0","-9.37","0","15.51"
"13.1.2023","Veröffentlicht","Bezahlung der Bestellung","303-1287702-9962749","Tajima DC561 DRIVER Cuttermesser/Cutter ...","26.19","0","-8.63","4.97","22.53"
"13.1.2023","Veröffentlicht","Bezahlung der Bestellung","305-3891938-6191559","SONAX Aktionsset KratzerEntferner Lack (...","10.46","0","-4.96","1.99","7.49"
"13.1.2023","Verzögert","Bezahlung der Bestellung","304-8489792-1482767","OLFA Cuttermesser L5 18mm mit X-Design G...","21.54","0","-7.78","4.3","18.06"
"13.1.2023","Veröffentlicht","Bezahlung der Bestellung","306-7666293-8608355","Silky 270-33 Zubat Handsäge mit Scheide,...","56.21","0","-14.84","10.68","52.05"
"13.1.2023","Veröffentlicht","Commingling VAT","1410418433","OLFA Cuttermesser L5 18mm mit X-Design Griff","0","0","0","-4.56","-4.56"
"13.1.2023","Veröffentlicht","Commingling VAT","1410418313","OLFA Cuttermesser L5 18mm mit X-Design Griff","0","0","0","-4.56","-4.56"
"13.1.2023","Veröffentlicht","Bezahlung der Bestellung","028-1396180-0814767","Beko Beko-Strukturdicht 310ml weiß-struk...","6.94","0","-4.16","1.32","4.1"
"13.1.2023","Veröffentlicht","Bezahlung der Bestellung","304-9044010-9094735","Tajima Bandmaß PIT Measure (1 m, selbstk...","6.88","0","-3.13","1.31","5.06"
"13.1.2023","Veröffentlicht","Bezahlung der Bestellung","306-8963098-1835501","PIHER Lastenstange 40-60cm","28.75","0","-9.29","5.46","24.92"
"13.1.2023","Veröffentlicht","Commingling VAT","1410406933","Tajima PIT Measure - Metro a nastro da 1 m, con retro autoadesivo da fissare a superfici, per banchi da lavoro, larghezza 13 mm, colore bianco, acciaio giapponese, resistente alla corrosione) PIT10","0","0","0","1.46","1.46"
"13.1.2023","Veröffentlicht","Bezahlung der Bestellung","306-4303449-4944317","Silky 270-33 Zubat Handsäge mit Scheide,...","56.21","-3.35","-14.84","14.03","52.05"
"13.1.2023","Veröffentlicht","Commingling VAT","1410406813","Tajima PIT Measure - Metro a nastro da 1 m, con retro autoadesivo da fissare a superfici, per banchi da lavoro, larghezza 13 mm, colore bianco, acciaio giapponese, resistente alla corrosione) PIT10","0","0","0","1.46","1.46"
"13.1.2023","Veröffentlicht","Bezahlung der Bestellung","302-0654154-3553146","Tajima Bandmaß PIT Measure (1 m, selbstk...","7.71","-0.83","-3.26","2.29","5.91"
"13.1.2023","Veröffentlicht","Bezahlung der Bestellung","028-0665822-7726754","Tajima Ersatzklingen für Cutter (Breite ...","14.39","0","-4.6","2.73","12.52"
"13.1.2023","Veröffentlicht","Bezahlung der Bestellung","028-9700572-5321129","Tajima Japansäge Magnum 300 (Sägeblatt 3...","27.86","-2.88","-10.52","8.73","23.19"
"13.1.2023","Veröffentlicht","Bezahlung der Bestellung","305-1702011-5894734","Tajima Japansäge Magnum 300 (Sägeblatt 3...","30.31","0","-10.83","5.76","25.24"
"13.1.2023","Veröffentlicht","Bezahlung der Bestellung","304-9017154-4485157","Tajima Bandmaß PIT Measure (1 m, selbstk...","7.71","0","-6.5","5.46","6.67"
"13.1.2023","Veröffentlicht","Bezahlung der Bestellung","305-2476274-7967566","Tajima Zugsäge "Japan Pull 300", 300 mm,...","22.33","0","-9.59","4.24","16.98"
"13.1.2023","Veröffentlicht","Bezahlung der Bestellung","028-9702153-5938717","Tajima Ersatzklingen für Cutter (Breite ...","28.76","0","-9.18","5.46","25.04"
"13.1.2023","Veröffentlicht","Bezahlung der Bestellung","302-4126614-3365132","SONAX Aktionsset KratzerEntferner Lack (...","10.46","-1.67","-4.96","3.66","7.49"
"13.1.2023","Veröffentlicht","Bezahlung der Bestellung","305-5024954-5230750","Tajima DC561 DRIVER Cuttermesser/Cutter ...","11.38","0","-4.52","1","7.86"
"13.1.2023","Veröffentlicht","Bezahlung der Bestellung","304-8096504-7105102","Stubai Schweizer Gertel mit Ledergriff 3...","24.33","0","-7.87","4.62","21.08"
"13.1.2023","Veröffentlicht","Bezahlung der Bestellung","305-1609019-0265139","Silky 350-36 Professionelle BIGBOY Klapp...","63.92","-1.12","-16.03","13.26","60.03"
"13.1.2023","Veröffentlicht","Erstattung","304-8486694-0069938","Leinos 720 Naturlatexkleber 10,00 kg","-106.34","0","13.14","-20","-113.2"
"13.1.2023","Veröffentlicht","Bezahlung der Bestellung","302-3045731-7841149","Fermit Kunststoff-Gewindedicht 100g Tube","11.75","0","-4.53","2.23","9.45"
"13.1.2023","Veröffentlicht","Bezahlung der Bestellung","304-6726361-3818748","Tajima Extrastarke Cutterklinge (Ersatzk...","7.53","0","-2.71","1.43","6.25"
"13.1.2023","Veröffentlicht","Erstattung","305-8004581-5373937","BAHCO BELZER GMBH PC-10-DT Feinsäge Prof...","-20.06","0","2.48","-3.81","-21.39"
"13.1.2023","Veröffentlicht","Bezahlung der Bestellung","306-0732839-0043555","BEKO TecLine Gleitgel Kabel/Kunststoff 5...","21.4","0","-9.47","4.06","15.99"
"13.1.2023","Veröffentlicht","Bezahlung der Bestellung","304-9692967-4216347","SONAX Aktionsset KratzerEntferner Lack (...","10.46","0","-4.96","1.99","7.49"
"13.1.2023","Verzögert","Bezahlung der Bestellung","028-4739819-3158734","Leinos 280 Arbeitsplattenöl 0,25 l","15.55","0","-5.12","2.96","13.39"
"13.1.2023","Veröffentlicht","Bezahlung der Bestellung","303-1850071-3658723","Tajima Ersatzklingen für Cutter (Breite ...","14.38","0","-4.59","2.73","12.52"
"13.1.2023","Veröffentlicht","Bezahlung der Bestellung","303-3756155-0160329","Bildhauerklüpfel konisch Weißbuche 70mm","14.76","0","-5.6","2.8","11.96"
"13.1.2023","Veröffentlicht","Bezahlung der Bestellung","304-4630185-8136312","TAJIMA Elastomer-Griff, zusammenklappbar...","24.24","0","-3.75","4.61","25.1"
"13.1.2023","Veröffentlicht","Bezahlung der Bestellung","303-2436153-5801112","SONAX Aktionsset KratzerEntferner Lack (...","10.46","0","-4.96","1.99","7.49"
"13.1.2023","Veröffentlicht","Bezahlung der Bestellung","302-7533157-6691505","OLFA LB 50 18mm 50 Klingen, Kunststoffbo...","27.24","-0.15","-7.95","5.33","24.47"
"13.1.2023","Veröffentlicht","Bezahlung der Bestellung","305-2867032-0363526","Tajima Ersatzklingen Box à 10 Stück für ...","5.21","0","-3.52","0.99","2.68"
"13.1.2023","Veröffentlicht","Bezahlung der Bestellung","306-6965736-2201905","Bildhauerklüpfel konisch Weißbuche 70mm","14.76","0","-5.6","2.8","11.96"
"13.1.2023","Veröffentlicht","Bezahlung der Bestellung","304-5037333-2368362","SONAX Aktionsset KratzerEntferner Lack (...","10.46","0","-4.96","1.99","7.49"
"13.1.2023","Veröffentlicht","Bezahlung der Bestellung","S02-5327928-6857549","Halder 3117s001 SIMPLEX-Schonhammer PLUS...","0","0","-5.02","0","-5.02"
"13.1.2023","Veröffentlicht","Bezahlung der Bestellung","306-1116954-7182732","Estwing Camper's Axe.","82.43","0","-19.26","15.66","78.83"
"13.1.2023","Veröffentlicht","Bezahlung der Bestellung","305-9726027-6954762","Fugenmeister,R-03t,Radien AA83-teilig in...","9.31","0","-3.65","1.77","7.43"
"13.1.2023","Veröffentlicht","Bezahlung der Bestellung","302-8973781-0947513","pool fermit 9122 Pool Wärmepumpen- und K...","13.18","0","-6.72","2.5","8.96"
"13.1.2023","Veröffentlicht","Bezahlung der Bestellung","302-8479002-0867529","OLFA Grafikermesser AK-4","14.87","0","-5.42","4.08","13.53"
"13.1.2023","Veröffentlicht","Bezahlung der Bestellung","303-8527887-7141963","Fermit Schamottemörtel 1kg feuerfest Kle...","8.26","0","-5.65","1.57","4.18"
"13.1.2023","Veröffentlicht","Bezahlung der Bestellung","304-2685789-9833165","SONAX Aktionsset KratzerEntferner Lack (...","10.46","0","-4.96","1.99","7.49"
"13.1.2023","Veröffentlicht","Bezahlung der Bestellung","028-7398491-9616347","Tajima Ersatzklingen für Cutter (Breite ...","14.38","0","-4.59","2.73","12.52"
"13.1.2023","Veröffentlicht","Erstattung","302-1690717-5630763","FAMAG Spannvorrichtung für 1403-1406 Boh...","-61.05","0","7.55","-11.6","-65.1"
"13.1.2023","Veröffentlicht","Bezahlung der Bestellung","303-1033073-8438714","SONAX Aktionsset KratzerEntferner Lack (...","10.46","0","-8.2","5.98","8.24"
"13.1.2023","Veröffentlicht","Bezahlung der Bestellung","302-0373982-8226767","SONAX Aktionsset KratzerEntferner Lack (...","10.46","0","-4.97","2.09","7.58"
"13.1.2023","Veröffentlicht","Bezahlung der Bestellung","303-6256028-9795536","Estwing BP-10 Goldpfanne aus schwarzem K...","13.47","0","-8.31","6.55","11.71"
"13.1.2023","Veröffentlicht","Bezahlung der Bestellung","305-3747580-2488342","Fugenmeister,R-03t,Radien AA83-teilig in...","9.31","0","-3.65","1.77","7.43"
"13.1.2023","Veröffentlicht","Erstattung","305-9956841-0996302","Leinos 657 Lehmstreichputz Mediterran 10...","-82.15","0","10.17","-15.61","-87.59"
"13.1.2023","Veröffentlicht","Erstattung","302-5263777-5425968","Felo Schraubendreher Satz, 1-Komponenten...","-24.44","0","3.62","-10.39","-31.21"
"13.1.2023","Veröffentlicht","Bezahlung der Bestellung","303-4140154-3195511","SONAX Aktionsset KratzerEntferner Lack (...","10.46","0","-7.05","4.48","7.89"
"13.1.2023","Veröffentlicht","Bezahlung der Bestellung","305-4917944-8369150","Silbergleit Trockengleitmittel - Holzgle...","9.12","0","-3.85","1.73","7"
"13.1.2023","Veröffentlicht","Bezahlung der Bestellung","028-5768662-2099531","beko Speed-Ex Der Abbeizer 750 ml 299 60...","18.58","0","-6.68","3.53","15.43"
"13.1.2023","Veröffentlicht","Bezahlung der Bestellung","306-0752249-1709968","beko Speed-Ex Der Abbeizer 750 ml 299 60...","18.58","0","-6.68","3.53","15.43"
"13.1.2023","Veröffentlicht","Bezahlung der Bestellung","303-8431468-2646765","Fre-Pro Bowl Clip - Duftspender/Lufterfr...","31.04","-3.35","-8.5","9.25","28.44"
"13.1.2023","Veröffentlicht","Bezahlung der Bestellung","303-0207621-0601148","TecLine Zementschleierentferner 5 l Kani...","26.09","0","-11.04","4.96","20.01"
"13.1.2023","Veröffentlicht","Bezahlung der Bestellung","302-7683674-8992307","Fugenmeister,R-03t,Radien AA83-teilig in...","9.31","0","-3.65","1.77","7.43"
"13.1.2023","Veröffentlicht","Bezahlung der Bestellung","305-3439000-5785915","Fugenmeister,R-03t,Radien AA83-teilig in...","9.31","0","-3.65","1.77","7.43"
"13.1.2023","Veröffentlicht","Bezahlung der Bestellung","305-5341246-9113160","Wekem WS-600-030 HTC-Tube 30 Gramm","6.95","0","-2.96","1.32","5.31"
"13.1.2023","Veröffentlicht","Bezahlung der Bestellung","303-4715737-3383509","Tajima Ersatzklingen für Cutter (Breite ...","14.38","0","-4.59","2.73","12.52"
"13.1.2023","Veröffentlicht","Bezahlung der Bestellung","304-5007916-5674739","beko TecLine Oxalsäure 3,5% 1000 ml Flas...","11.52","0","-6.17","2.3","7.65"
"13.1.2023","Veröffentlicht","Bezahlung der Bestellung","028-3045321-5650769","OLFA rutschfestes Cuttermesser NOL-1 18m...","10.13","0","-4.28","1.93","7.78"
"13.1.2023","Veröffentlicht","Bezahlung der Bestellung","306-6978346-7009167","SONAX Aktionsset KratzerEntferner Lack (...","10.46","0","-4.96","1.99","7.49"
"13.1.2023","Veröffentlicht","Bezahlung der Bestellung","303-4198331-9845136","SONAX Aktionsset KratzerEntferner Lack (...","10.24","0","-4.93","2.05","7.36"
"13.1.2023","Veröffentlicht","Bezahlung der Bestellung","028-6657542-0033109","SONAX Aktionsset KratzerEntferner Lack (...","10.46","0","-4.96","1.99","7.49"
"13.1.2023","Veröffentlicht","Bezahlung der Bestellung","303-7415915-2859552","FugemMeister Ersatzklingen für Delta-Fug...","6.67","0","-2.91","1.27","5.03"
"13.1.2023","Veröffentlicht","Bezahlung der Bestellung","306-7119605-2295526","Silbergleit Gleitmittel, 1000 ml","19.13","0","-7.33","3.63","15.43"
"13.1.2023","Veröffentlicht","Bezahlung der Bestellung","304-1794684-2057958","Bildhauerklüpfel konisch Weißbuche 70mm","14.76","0","-5.6","2.8","11.96"
"13.1.2023","Veröffentlicht","Bezahlung der Bestellung","306-3725662-2962755","SONAX Aktionsset KratzerEntferner Lack (...","10.46","0","-4.96","1.99","7.49"
"13.1.2023","Veröffentlicht","Commingling VAT","1410352573","Tajima Extrastarke Cutterklinge (Ersatzklinge) 22mm für Cutter DC690, DC680, DC610 - LB62H 10 stück","0","0","0","-1.93","-1.93"
"13.1.2023","Veröffentlicht","Bezahlung der Bestellung","305-6569164-5356354","Holzhammer Normal Weißbuche runder Stiel...","12.18","0","-6.01","2.44","8.61"
"13.1.2023","Veröffentlicht","Bezahlung der Bestellung","028-2311414-1524367","FAMAG 3533 Handsenker WS 16mm mit Holzhe...","10.1","0","-4.27","1.92","7.75"
"13.1.2023","Veröffentlicht","Bezahlung der Bestellung","304-4074802-0077131","Stubai 3511 Stemmeisensatz Rotbuche 4-te...","52.89","0","-8.18","10.05","54.76"
"13.1.2023","Veröffentlicht","Bezahlung der Bestellung","302-8696499-6313957","SONAX Aktionsset KratzerEntferner Lack (...","10.46","0","-4.96","1.99","7.49"
"13.1.2023","Veröffentlicht","Bezahlung der Bestellung","306-2751190-3175559","Silky 270-33 Zubat Handsäge mit Scheide,...","56.21","0","-14.91","11.24","52.54"
"13.1.2023","Veröffentlicht","Bezahlung der Bestellung","302-2039239-3679557","SONAX Aktionsset KratzerEntferner Lack (...","10.24","0","-4.92","1.94","7.26"
"13.1.2023","Veröffentlicht","Bezahlung der Bestellung","306-2399356-2882755","Tajima Bandmaß PIT Measure (1 m, selbstk...","7.71","0","-3.27","1.54","5.98"
"12.1.2023","Veröffentlicht","Bezahlung der Bestellung","028-3033115-7029958","Tajima Ersatzklingen für Cutter (Breite ...","28.76","-3.35","-9.18","8.81","25.04"
"12.1.2023","Veröffentlicht","Bezahlung der Bestellung","303-5847469-6158747","Tajima Ersatzklingen für Cutter (Breite ...","14.74","0","-4.29","0","10.45"
"12.1.2023","Veröffentlicht","Bezahlung der Bestellung","028-8591855-8083509","Tajima RAPID PULL Japansäge 265 mm + zus...","24.88","-1.68","-9.99","6.41","19.62"
"12.1.2023","Veröffentlicht","Bezahlung der Bestellung","304-5934532-0544360","Silbergleit Trockengleitmittel - Holzgle...","11.58","0","-1.79","2.2","11.99"
"12.1.2023","Veröffentlicht","Bezahlung der Bestellung","305-4446852-7805121","SONAX Aktionsset KratzerEntferner Lack (...","10.46","0","-4.96","1.99","7.49"
"12.1.2023","Veröffentlicht","Bezahlung der Bestellung","306-4459621-1765963","Silbergleit 350 ml Trockengleitmittel fü...","14.06","0","-2.51","2.67","14.22"
"12.1.2023","Veröffentlicht","Bezahlung der Bestellung","302-0739261-1998748","Klingenschärfer, Istor Duplex Swiss Shar...","62.1","0","-11.09","11.8","62.81"
"12.1.2023","Veröffentlicht","Bezahlung der Bestellung","302-0302026-9185946","OLFA ABB 50 9mm 50 Stück Excel Black Kli...","16.32","0","-2.52","3.1","16.9"
"12.1.2023","Veröffentlicht","Bezahlung der Bestellung","306-8060818-7435532","Cornat Silikon 100ml Tube, transparent, ...","9.39","0","-1.45","1.79","9.73"
"12.1.2023","Veröffentlicht","Bezahlung der Bestellung","302-3307803-7433126","Wekem WS-600-030 HTC-Tube 30 Gramm","6.82","0","-2.93","1.29","5.18"
"12.1.2023","Veröffentlicht","Bezahlung der Bestellung","303-9036878-7522767","Tajima Ersatzklingen für Cutter (Breite ...","14.39","0","-4.6","2.73","12.52"
"12.1.2023","Veröffentlicht","Bezahlung der Bestellung","028-9328310-6913908","Wekem WK-8 Sekundenkleberentferner farbl...","10.8","0","-1.93","2.05","10.92"
"12.1.2023","Veröffentlicht","Bezahlung der Bestellung","303-5060282-3913114","Heitmann Damen- u. Herren Lammfell-Hauss...","50.34","0","-7.79","9.56","52.11"
"12.1.2023","Veröffentlicht","Bezahlung der Bestellung","305-8183767-3071510","Fugenmeister,R-03t,Radien AA83-teilig in...","9.31","0","-3.65","1.77","7.43"
"12.1.2023","Veröffentlicht","Bei Amazon gekaufte Versandetiketten","306-4459621-1765963","Fakturierung","-4.07","0","0","0","-4.07"
"12.1.2023","Veröffentlicht","Bei Amazon gekaufte Versandetiketten","304-5934532-0544360","Fakturierung","-4.07","0","0","0","-4.07"
"12.1.2023","Veröffentlicht","Bezahlung der Bestellung","303-7956707-5257928","Tajima Ersatzklingen für Cutter (Breite ...","14.38","0","-4.59","2.73","12.52"
"12.1.2023","Veröffentlicht","Bei Amazon gekaufte Versandetiketten","302-0302026-9185946","Fakturierung","-4.07","0","0","0","-4.07"
"12.1.2023","Veröffentlicht","Bei Amazon gekaufte Versandetiketten","302-0739261-1998748","Fakturierung","-4.07","0","0","0","-4.07"
"12.1.2023","Veröffentlicht","Bei Amazon gekaufte Versandetiketten","306-8060818-7435532","Fakturierung","-4.07","0","0","0","-4.07"
"12.1.2023","Veröffentlicht","Bei Amazon gekaufte Versandetiketten","028-9328310-6913908","Fakturierung","-4.07","0","0","0","-4.07"
"12.1.2023","Veröffentlicht","Bezahlung der Bestellung","306-7167890-1770757","Fermitex Pulver - chemischer Rohrreinige...","24.04","0","-13.25","4.56","15.35"
"12.1.2023","Veröffentlicht","Bei Amazon gekaufte Versandetiketten","303-5060282-3913114","Fakturierung","-4.07","0","0","0","-4.07"
"12.1.2023","Veröffentlicht","Bezahlung der Bestellung","302-3230146-8322708","Fermit GmbH - Pasta graphit Nivo Zinn (5...","13.32","0","-5.43","0","7.89"
"12.1.2023","Veröffentlicht","Bezahlung der Bestellung","306-6824217-7050750","Tajima Schlagschnurgerät Chalk-Rite Dura...","25.88","0","-7.09","4.92","23.71"
"12.1.2023","Veröffentlicht","Bezahlung der Bestellung","303-4336330-3860304","OLFA Cuttermesser L5 18mm mit X-Design G...","43.08","0","-15.52","8.2","35.76"
"12.1.2023","Veröffentlicht","Bezahlung der Bestellung","304-8435942-8849965","Fugenmeister,R-03t,Radien AA83-teilig in...","18.62","0","-7.3","3.54","14.86"
"12.1.2023","Veröffentlicht","Bezahlung der Bestellung","302-0017551-6938752","Tajima TAJ-DFC560W DORA FIN Cuttermesser...","25.8","0","-9.68","4.9","21.02"
"12.1.2023","Veröffentlicht","Bezahlung der Bestellung","304-2371796-1932321","Tajima Ersatzklingen für Cutter (Breite ...","14.37","0","-4.59","2.73","12.51"
"12.1.2023","Veröffentlicht","Bezahlung der Bestellung","303-2328073-0414720","SONAX Aktionsset KratzerEntferner Lack (...","10.24","0","-4.92","1.94","7.26"
"12.1.2023","Veröffentlicht","Bezahlung der Bestellung","302-5525204-8072344","Tajima Schlagschnurgerät Chalk-Rite Dura...","161.34","-1.69","-43.5","32.35","148.5"
"12.1.2023","Veröffentlicht","Bezahlung der Bestellung","305-9549994-1059559","beko FoodLine Lebensmittel-Silicon 310 m...","13.32","0","-5.17","2.66","10.81"
"12.1.2023","Veröffentlicht","Bezahlung der Bestellung","028-9297849-0041952","Tajima Extrastarke Cutterklinge (Ersatzk...","15.06","0","-5.42","2.86","12.5"
"12.1.2023","Veröffentlicht","Bezahlung der Bestellung","303-1780602-0971537","FAMAG Holzspiralbohrer HSS-G lang 7x100x...","17","0","-4.72","3.4","15.68"
"12.1.2023","Veröffentlicht","Bezahlung der Bestellung","S02-7682989-8928749","Stubai Hobelbankhaken 1 5x20x25 mm","0","0","-4.74","0","-4.74"
"12.1.2023","Veröffentlicht","Bezahlung der Bestellung","304-7654500-4533100","Fugenmeister OFR-03 Radien optiform 3-te...","40.5","0","-16.58","7.7","31.62"
"12.1.2023","Verzögert","Bezahlung der Bestellung","302-0786513-9340313","Tajima Schaber 3 Klingen, Kurzstiel, 200...","19.29","0","-6.07","3.67","16.89"
"12.1.2023","Veröffentlicht","Bezahlung der Bestellung","028-1798557-4181163","Stubai Schaftverlängerung 8x250 mm","11.87","0","-4.21","2.26","9.92"
"12.1.2023","Veröffentlicht","Bezahlung der Bestellung","302-7604957-6463548","Tajima DC561 DRIVER Cuttermesser/Cutter ...","11.42","0","-3.98","2.17","9.61"
"12.1.2023","Veröffentlicht","Bezahlung der Bestellung","302-8414020-9869168","Estwing #16-16 Pfanne mit Lanyard-Loch, ...","15.72","0","-6.06","2.99","12.65"
"12.1.2023","Veröffentlicht","Bezahlung der Bestellung","302-6053990-6815526","SONAX Aktionsset KratzerEntferner Lack (...","10.46","0","-4.96","1.99","7.49"
"12.1.2023","Veröffentlicht","Bezahlung der Bestellung","028-2958948-2865169","Sägeblatt Hayauchi 390","73.82","0","-11.42","14.02","76.42"
"12.1.2023","Veröffentlicht","Bezahlung der Bestellung","305-8240335-1173967","ARBORTECH Contour Sander | Ø 50 mm Mini ...","66.34","0","-14.21","12.61","64.74"
"12.1.2023","Veröffentlicht","Bezahlung der Bestellung","028-1453021-1175526","Tajima Schlagschnurgerät Chalk-Rite Dura...","26.92","-0.83","-7.25","5.94","24.78"
"12.1.2023","Veröffentlicht","Bezahlung der Bestellung","303-5206261-5043507","SONAX Aktionsset KratzerEntferner Lack (...","10.46","0","-4.96","1.99","7.49"
"12.1.2023","Veröffentlicht","Commingling VAT","1410294933","Stehle HW HKS-Massiv Kreissägeblatt für Akku-Handkreissägen 136x1,5/1,0x20mm Z=24 Flachzahn mit Wechselzahn","0","0","0","-8.14","-8.14"
"12.1.2023","Veröffentlicht","Commingling VAT","1410294933","Stehle HW HKS-Massiv Kreissägeblatt für Akku-Handkreissägen 136x1,5/1,0x20mm Z=24 Flachzahn mit Wechselzahn","0","0","0","8.14","8.14"
"12.1.2023","Veröffentlicht","Bezahlung der Bestellung","302-3476369-7631513","Tajima Ersatzklingen für Cutter (Breite ...","14.66","0","-4.64","2.79","12.81"
"12.1.2023","Veröffentlicht","Commingling VAT","1410285623","Tajima Extrastarke Cutterklinge (Ersatzklinge) 22mm für Cutter DC690, DC680, DC610 - LB62H 10 stück","0","0","0","-1.73","-1.73"
"12.1.2023","Veröffentlicht","Commingling VAT","1410285623","Tajima Extrastarke Cutterklinge (Ersatzklinge) 22mm für Cutter DC690, DC680, DC610 - LB62H 10 stück","0","0","0","1.43","1.43"
"12.1.2023","Veröffentlicht","Commingling VAT","1410285403","Tajima Extrastarke Cutterklinge (Ersatzklinge) 22mm für Cutter DC690, DC680, DC610 - LB62H 10 stück","0","0","0","-1.73","-1.73"
"12.1.2023","Veröffentlicht","Commingling VAT","1410285403","Tajima Extrastarke Cutterklinge (Ersatzklinge) 22mm für Cutter DC690, DC680, DC610 - LB62H 10 stück","0","0","0","1.43","1.43"
"12.1.2023","Veröffentlicht","Bezahlung der Bestellung","304-1051504-8973913","SONAX Aktionsset KratzerEntferner Lack (...","10.24","0","-4.92","1.94","7.26"
"12.1.2023","Veröffentlicht","Bezahlung der Bestellung","302-5291485-7429109","Olfa LBB Cuttermesser-Klingen, Schwarz, ...","13.87","0","-4.52","2.63","11.98"
"12.1.2023","Veröffentlicht","Bezahlung der Bestellung","028-7624853-6233923","SONAX Aktionsset KratzerEntferner Lack (...","10.46","0","-4.96","1.99","7.49"
"12.1.2023","Veröffentlicht","Erstattung","304-5890685-6657120","Bildhauerklüpfel konisch Weißbuche 70mm","-14.76","0","1.82","-2.8","-15.74"
"12.1.2023","Veröffentlicht","Bezahlung der Bestellung","306-7403699-0509907","Fermit Schamottemörtel 1kg feuerfest Kle...","8.5","0","-5.68","1.61","4.43"
"12.1.2023","Veröffentlicht","Bezahlung der Bestellung","305-8537552-1290734","Fermit Schamottemörtel 1kg feuerfest Kle...","8.85","0","-5.74","1.68","4.79"
"12.1.2023","Veröffentlicht","Bezahlung der Bestellung","303-8486228-9236327","Lackhobel/Lackziehklinge LZK-HM für Tisc...","39.77","0","-8.22","7.56","39.11"
"12.1.2023","Veröffentlicht","Commingling VAT","1410257313","Tajima Schlagschnurgerät Chalk-Rite Dura (Schlagschnur 30 m lang, mit Schnellkurbelsystem, für alle Untergründe, Schlagschnur geflochten) CR401SD","0","0","0","-5.08","-5.08"
"12.1.2023","Veröffentlicht","Commingling VAT","1410257313","Tajima Schlagschnurgerät Chalk-Rite Dura (Schlagschnur 30 m lang, mit Schnellkurbelsystem, für alle Untergründe, Schlagschnur geflochten) CR401SD","0","0","0","6.15","6.15"
"12.1.2023","Veröffentlicht","Commingling VAT","1410256533","Tajima Schlagschnurgerät Chalk-Rite Dura (Schlagschnur 30 m lang, mit Schnellkurbelsystem, für alle Untergründe, Schlagschnur geflochten) CR401SD","0","0","0","-5.33","-5.33"
"12.1.2023","Veröffentlicht","Bezahlung der Bestellung","028-0595110-4465145","Tajima Razar Black 18 mm Klingen, Spende...","5.28","0","-3.03","1","3.25"
"12.1.2023","Veröffentlicht","Bezahlung der Bestellung","304-5810254-5385132","Tajima TAJ-DC661W DORA Cuttermesser mit ...","14.11","0","-5.5","2.68","11.29"
"12.1.2023","Veröffentlicht","Bezahlung der Bestellung","303-0411131-7073164","Tajima Ersatzklingen für Cutter (Breite ...","14.38","0","-5.99","4.4","12.79"
"12.1.2023","Veröffentlicht","Commingling VAT","1410237903","Tajima Schlagschnurgerät Chalk-Rite Dura (Schlagschnur 30 m lang, mit Schnellkurbelsystem, für alle Untergründe, Schlagschnur geflochten) CR401SD","0","0","0","-6.15","-6.15"
"12.1.2023","Veröffentlicht","Commingling VAT","1410237903","Tajima Schlagschnurgerät Chalk-Rite Dura (Schlagschnur 30 m lang, mit Schnellkurbelsystem, für alle Untergründe, Schlagschnur geflochten) CR401SD","0","0","0","5.09","5.09"
"12.1.2023","Veröffentlicht","Bezahlung der Bestellung","304-4608144-6942755","Holzspiralbohrer-Bits lang HSS-G; AØ 6,5...","14.76","0","-3.67","13.45","24.54"
"12.1.2023","Veröffentlicht","Bezahlung der Bestellung","306-0658739-5449105","Bildhauerklüpfel konisch Weißbuche 90mm","21.63","0","-3.35","4.11","22.39"
"12.1.2023","Veröffentlicht","Bezahlung der Bestellung","304-8386081-9901902","FAMAG Bormax 2.0 WS-Forstnerbohrer 33x57...","42.13","0","-6.52","8.01","43.62"
"12.1.2023","Veröffentlicht","Commingling VAT","1410236293","Tajima Schlagschnurgerät Chalk-Rite Dura (Schlagschnur 30 m lang, mit Schnellkurbelsystem, für alle Untergründe, Schlagschnur geflochten) CR401SD","0","0","0","-6.15","-6.15"
"12.1.2023","Veröffentlicht","Commingling VAT","1410236293","Tajima Schlagschnurgerät Chalk-Rite Dura (Schlagschnur 30 m lang, mit Schnellkurbelsystem, für alle Untergründe, Schlagschnur geflochten) CR401SD","0","0","0","5.62","5.62"
"12.1.2023","Veröffentlicht","Commingling VAT","1410228453","DEWALT DT40251-QZ Extreme Metal 115X22.23X1.3mm","0","0","0","-3.02","-3.02"
"12.1.2023","Veröffentlicht","Commingling VAT","1410228453","DEWALT DT40251-QZ Extreme Metal 115X22.23X1.3mm","0","0","0","3.02","3.02"
"12.1.2023","Veröffentlicht","Commingling VAT","1410227283","DEWALT DT40251-QZ Extreme Metal 115X22.23X1.3mm","0","0","0","-3.02","-3.02"
"12.1.2023","Veröffentlicht","Commingling VAT","1410227283","DEWALT DT40251-QZ Extreme Metal 115X22.23X1.3mm","0","0","0","2.5","2.5"
"12.1.2023","Veröffentlicht","Commingling VAT","1410224803","DEWALT DT40251-QZ Extreme Metal 115X22.23X1.3mm","0","0","0","-3.02","-3.02"
"12.1.2023","Veröffentlicht","Commingling VAT","1410224803","DEWALT DT40251-QZ Extreme Metal 115X22.23X1.3mm","0","0","0","2.5","2.5"
"12.1.2023","Veröffentlicht","Commingling VAT","1410219043","DEWALT DT40251-QZ Extreme Metal 115X22.23X1.3mm","0","0","0","-2.5","-2.5"
"12.1.2023","Veröffentlicht","Commingling VAT","1410219043","DEWALT DT40251-QZ Extreme Metal 115X22.23X1.3mm","0","0","0","3.02","3.02"
"12.1.2023","Veröffentlicht","Bezahlung der Bestellung","305-1313783-2840360","Olfa LBB Cuttermesser-Klingen, Schwarz, ...","27.74","0","-9.04","5.26","23.96"
"12.1.2023","Veröffentlicht","Erstattung","306-9468617-3502748","Silky Katanaboy Klappsäge 650,Das längst...","-198.92","0","25.77","-37.8","-210.95"
"12.1.2023","Veröffentlicht","Bezahlung der Bestellung","304-6773415-0897939","Fermit Ofenschwärze 11500 100 ml Tube, S...","6.74","0","-3.3","1.28","4.72"
"12.1.2023","Veröffentlicht","Bezahlung der Bestellung","303-4652642-5824353","Fugenmeister,R-03t,Radien AA83-teilig in...","9.31","0","-3.65","1.77","7.43"
"12.1.2023","Veröffentlicht","Bezahlung der Bestellung","028-2911768-5750702","Protus Kurvenlinfix - das flexible Kurve...","38.36","0","-9.15","7.29","36.5"
"12.1.2023","Veröffentlicht","Bezahlung der Bestellung","305-5896450-4546764","FAMAG Bohrständer starr für Schlangenboh...","184.41","0","-28.53","35.04","190.92"
"12.1.2023","Verzögert","Bezahlung der Bestellung","028-1725038-7547555","Leinos 240 Hartöl für Innen 002 Farblos ...","14.04","0","-6.28","2.67","10.43"
"12.1.2023","Veröffentlicht","Bezahlung der Bestellung","302-5606896-2463505","Tajima DRIVER Cutter mit Razar black Kli...","18.78","0","-8.32","3.56","14.02"
"12.1.2023","Veröffentlicht","Bezahlung der Bestellung","303-0723301-1049924","SONAX Aktionsset KratzerEntferner Lack (...","10.46","0","-4.96","1.99","7.49"
"12.1.2023","Veröffentlicht","Bezahlung der Bestellung","304-4103031-5826731","Silky 350-36 Professionelle BIGBOY Klapp...","62.14","0","-15.75","11.81","58.2"
"12.1.2023","Veröffentlicht","Commingling VAT","1410124333","Halder Aktionspaket"Dreamteam Innenausbau" 2021 mit Schonhammer 40mm","0","0","0","-8.52","-8.52"
"12.1.2023","Veröffentlicht","Commingling VAT","1410124333","Halder Aktionspaket"Dreamteam Innenausbau" 2021 mit Schonhammer 40mm","0","0","0","9.42","9.42"
"12.1.2023","Veröffentlicht","Commingling VAT","1410117623","Tajima Schlagschnurgerät Chalk-Rite Dura (Schlagschnur 30 m lang, mit Schnellkurbelsystem, für alle Untergründe, Schlagschnur geflochten) CR401SD","0","0","0","-12.36","-12.36"
"12.1.2023","Veröffentlicht","Commingling VAT","1410117623","Tajima Schlagschnurgerät Chalk-Rite Dura (Schlagschnur 30 m lang, mit Schnellkurbelsystem, für alle Untergründe, Schlagschnur geflochten) CR401SD","0","0","0","11.3","11.3"
"12.1.2023","Veröffentlicht","Commingling VAT","1410117573","Tajima Schlagschnurgerät Chalk-Rite Dura (Schlagschnur 30 m lang, mit Schnellkurbelsystem, für alle Untergründe, Schlagschnur geflochten) CR401SD","0","0","0","-6.18","-6.18"
"12.1.2023","Veröffentlicht","Commingling VAT","1410117613","Tajima Schlagschnurgerät Chalk-Rite Dura (Schlagschnur 30 m lang, mit Schnellkurbelsystem, für alle Untergründe, Schlagschnur geflochten) CR401SD","0","0","0","-6.18","-6.18"
"12.1.2023","Veröffentlicht","Commingling VAT","1410117603","Tajima Schlagschnurgerät Chalk-Rite Dura (Schlagschnur 30 m lang, mit Schnellkurbelsystem, für alle Untergründe, Schlagschnur geflochten) CR401SD","0","0","0","-6.18","-6.18"
"12.1.2023","Veröffentlicht","Commingling VAT","1410117553","Tajima Schlagschnurgerät Chalk-Rite Dura (Schlagschnur 30 m lang, mit Schnellkurbelsystem, für alle Untergründe, Schlagschnur geflochten) CR401SD","0","0","0","-6.18","-6.18"
"12.1.2023","Veröffentlicht","Commingling VAT","1410117573","Tajima Schlagschnurgerät Chalk-Rite Dura (Schlagschnur 30 m lang, mit Schnellkurbelsystem, für alle Untergründe, Schlagschnur geflochten) CR401SD","0","0","0","5.11","5.11"
"12.1.2023","Veröffentlicht","Commingling VAT","1410117603","Tajima Schlagschnurgerät Chalk-Rite Dura (Schlagschnur 30 m lang, mit Schnellkurbelsystem, für alle Untergründe, Schlagschnur geflochten) CR401SD","0","0","0","5.11","5.11"
"12.1.2023","Veröffentlicht","Commingling VAT","1410117613","Tajima Schlagschnurgerät Chalk-Rite Dura (Schlagschnur 30 m lang, mit Schnellkurbelsystem, für alle Untergründe, Schlagschnur geflochten) CR401SD","0","0","0","6.18","6.18"
"12.1.2023","Veröffentlicht","Commingling VAT","1410117553","Tajima Schlagschnurgerät Chalk-Rite Dura (Schlagschnur 30 m lang, mit Schnellkurbelsystem, für alle Untergründe, Schlagschnur geflochten) CR401SD","0","0","0","5.11","5.11"
"12.1.2023","Veröffentlicht","Bezahlung der Bestellung","302-5011035-1109904","Trockengleitmittel Silbergleit 250 ml","9.96","-0.83","-4.13","2.72","7.72"
"12.1.2023","Veröffentlicht","Bezahlung der Bestellung","305-2648451-3139562","Wekem WK-8 Sekundenkleberentferner farbl...","10.8","0","-1.93","2.05","10.92"
"12.1.2023","Veröffentlicht","Bezahlung der Bestellung","306-2786421-4045104","Metabo 4 Hartmetall-Wendemesser (als Ers...","10.56","0","-1.63","2.01","10.94"
"12.1.2023","Veröffentlicht","Bezahlung der Bestellung","302-1386173-9904312","Tajima Quick Back Cuttermesser 18mm DFC5...","20.01","0","-3.1","3.8","20.71"
"12.1.2023","Veröffentlicht","Bezahlung der Bestellung","302-2814392-0393146","Nutfräser mit Bohrschneide aus Hartmetal...","27.14","0","-4.2","5.16","28.1"
"12.1.2023","Veröffentlicht","Bezahlung der Bestellung","028-5697601-2209965","Tajima Kartuschenpresse Convoy Super 26,...","31.5","0","-4.87","5.99","32.62"
"12.1.2023","Veröffentlicht","Bezahlung der Bestellung","302-8536350-0545114","Stubai Sappel in U-Form mit Stiel 1050mm...","65.4","0","-10.12","12.43","67.71"
"12.1.2023","Veröffentlicht","Bezahlung der Bestellung","302-3236000-0959547","STUBAI WoodRepair Astfüller für Holzschä...","24.57","0","-3.8","4.67","25.44"
"12.1.2023","Veröffentlicht","Bezahlung der Bestellung","305-8322888-7107515","Fermit Ofenschwärze 11500 100 ml Tube, S...","13.48","0","-6.6","2.56","9.44"
"12.1.2023","Veröffentlicht","Bezahlung der Bestellung","306-4131222-4487551","Stubai Aschenschieber 600X120","12.97","0","-2.01","2.47","13.43"
"12.1.2023","Veröffentlicht","Bezahlung der Bestellung","306-4789409-7993940","Trockengleitmittel Silbergleit 250 ml","9.44","0","-1.35","1.79","9.88"
"12.1.2023","Veröffentlicht","Bezahlung der Bestellung","303-7398156-8500301","Silbergleit flüssig - Holzgleitmittel mi...","22.64","0","-4.04","4.3","22.9"
"12.1.2023","Veröffentlicht","Bezahlung der Bestellung","028-6574854-3040306","Leinos 920 Bodenmilch 2,50 l","27.52","0","-4.26","5.23","28.49"
"12.1.2023","Veröffentlicht","Bezahlung der Bestellung","302-1759237-6182725","KUNZ Taschenhobel, Schlichthobel, 101","25.8","0","-3.99","4.9","26.71"
"12.1.2023","Verzögert","Bezahlung der Bestellung","306-0937973-8713921","Lammfell Hausschuhe braun Größe 41, Lamm...","96.56","0","-15.24","18.34","99.66"
"12.1.2023","Veröffentlicht","Bezahlung der Bestellung","305-6729616-5855526","Fre-Pro Hang Tag universeller Lufterfris...","20.44","0","-3.16","3.88","21.16"
"12.1.2023","Veröffentlicht","Bezahlung der Bestellung","302-4284796-1907536","beko TecLine Schließzylinderspray 30 ml ...","9.67","0","-1.5","1.84","10.01"
"12.1.2023","Veröffentlicht","Bezahlung der Bestellung","305-1699987-1949933","HW Wendeplatten Kantenfräser 45° 29x12mm...","47.87","0","-7.41","9.1","49.56"
"12.1.2023","Veröffentlicht","Bezahlung der Bestellung","306-3401932-2511559","WAXILIT 22-2411 Gleitmittel Spray 400ml","19.62","0","-3.04","3.73","20.31"
"12.1.2023","Veröffentlicht","Bei Amazon gekaufte Versandetiketten","305-2648451-3139562","Fakturierung","-4.07","0","0","0","-4.07"
"12.1.2023","Veröffentlicht","Bei Amazon gekaufte Versandetiketten","306-2786421-4045104","Fakturierung","-4.07","0","0","0","-4.07"
"12.1.2023","Veröffentlicht","Bei Amazon gekaufte Versandetiketten","302-1386173-9904312","Fakturierung","-4.07","0","0","0","-4.07"
"12.1.2023","Veröffentlicht","Bei Amazon gekaufte Versandetiketten","028-5697601-2209965","Fakturierung","-4.07","0","0","0","-4.07"
"12.1.2023","Veröffentlicht","Bei Amazon gekaufte Versandetiketten","302-2814392-0393146","Fakturierung","-4.07","0","0","0","-4.07"
"12.1.2023","Veröffentlicht","Bei Amazon gekaufte Versandetiketten","302-8536350-0545114","Fakturierung","-4.07","0","0","0","-4.07"
"12.1.2023","Veröffentlicht","Bei Amazon gekaufte Versandetiketten","306-4131222-4487551","Fakturierung","-4.07","0","0","0","-4.07"
"12.1.2023","Veröffentlicht","Bei Amazon gekaufte Versandetiketten","302-3236000-0959547","Fakturierung","-4.07","0","0","0","-4.07"
"12.1.2023","Veröffentlicht","Bei Amazon gekaufte Versandetiketten","306-4789409-7993940","Fakturierung","-4.07","0","0","0","-4.07"
"12.1.2023","Veröffentlicht","Bei Amazon gekaufte Versandetiketten","303-7398156-8500301","Fakturierung","-4.07","0","0","0","-4.07"
"12.1.2023","Veröffentlicht","Bei Amazon gekaufte Versandetiketten","028-6574854-3040306","Fakturierung","-4.07","0","0","0","-4.07"
"12.1.2023","Veröffentlicht","Bei Amazon gekaufte Versandetiketten","302-1759237-6182725","Fakturierung","-4.07","0","0","0","-4.07"
"12.1.2023","Veröffentlicht","Bei Amazon gekaufte Versandetiketten","306-0937973-8713921","Fakturierung","-4.07","0","0","0","-4.07"
"12.1.2023","Veröffentlicht","Commingling VAT","1410058813","Fugenmeister,R-03t,Radien AA83-teilig intransparenter Schachtel","0","0","0","-1.77","-1.77"
"12.1.2023","Veröffentlicht","Commingling VAT","1410058813","Fugenmeister,R-03t,Radien AA83-teilig intransparenter Schachtel","0","0","0","1.96","1.96"
"12.1.2023","Veröffentlicht","Commingling VAT","1410058583","Fugenmeister,R-03t,Radien AA83-teilig intransparenter Schachtel","0","0","0","-1.77","-1.77"
"12.1.2023","Veröffentlicht","Commingling VAT","1410058583","Fugenmeister,R-03t,Radien AA83-teilig intransparenter Schachtel","0","0","0","1.96","1.96"
"12.1.2023","Veröffentlicht","Bei Amazon gekaufte Versandetiketten","305-6729616-5855526","Fakturierung","-4.07","0","0","0","-4.07"
"12.1.2023","Veröffentlicht","Bezahlung der Bestellung","302-8313324-7430726","Fermitopp N, 310 ml, Kartusche, transpar...","22.71","0","-13.31","4.32","13.72"
"12.1.2023","Veröffentlicht","Bei Amazon gekaufte Versandetiketten","305-1699987-1949933","Fakturierung","-4.07","0","0","0","-4.07"
"12.1.2023","Veröffentlicht","Bei Amazon gekaufte Versandetiketten","302-4284796-1907536","Fakturierung","-4.07","0","0","0","-4.07"
"12.1.2023","Veröffentlicht","Bei Amazon gekaufte Versandetiketten","306-3401932-2511559","Fakturierung","-4.07","0","0","0","-4.07"
"12.1.2023","Veröffentlicht","Commingling VAT","1410054253","Tajima TAJ-DFC560W DORA FIN Cuttermesser mit RAZAR BLACK Klinge, mit Schieber und Finne, 18 mm, DFC560W, Non Concerné","0","0","0","-2.63","-2.63"
"12.1.2023","Veröffentlicht","Commingling VAT","1410054253","Tajima TAJ-DFC560W DORA FIN Cuttermesser mit RAZAR BLACK Klinge, mit Schieber und Finne, 18 mm, DFC560W, Non Concerné","0","0","0","2.17","2.17"
"12.1.2023","Veröffentlicht","Commingling VAT","1410053563","Tajima TAJ-DFC560W DORA FIN Cuttermesser mit RAZAR BLACK Klinge, mit Schieber und Finne, 18 mm, DFC560W, Non Concerné","0","0","0","-2.63","-2.63"
"12.1.2023","Veröffentlicht","Commingling VAT","1410053563","Tajima TAJ-DFC560W DORA FIN Cuttermesser mit RAZAR BLACK Klinge, mit Schieber und Finne, 18 mm, DFC560W, Non Concerné","0","0","0","2.17","2.17"
"12.1.2023","Veröffentlicht","Commingling VAT","1410050633","Tajima Schlagschnurgerät Chalk-Rite Dura (Schlagschnur 30 m lang, mit Schnellkurbelsystem, für alle Untergründe, Schlagschnur geflochten) CR401SD","0","0","0","-5.12","-5.12"
"12.1.2023","Veröffentlicht","Commingling VAT","1410050633","Tajima Schlagschnurgerät Chalk-Rite Dura (Schlagschnur 30 m lang, mit Schnellkurbelsystem, für alle Untergründe, Schlagschnur geflochten) CR401SD","0","0","0","5.13","5.13"
"12.1.2023","Veröffentlicht","Commingling VAT","1410050003","Tajima Schlagschnurgerät Chalk-Rite Dura (Schlagschnur 30 m lang, mit Schnellkurbelsystem, für alle Untergründe, Schlagschnur geflochten) CR401SD","0","0","0","-5.12","-5.12"
"12.1.2023","Veröffentlicht","Commingling VAT","1410050003","Tajima Schlagschnurgerät Chalk-Rite Dura (Schlagschnur 30 m lang, mit Schnellkurbelsystem, für alle Untergründe, Schlagschnur geflochten) CR401SD","0","0","0","5.13","5.13"
"12.1.2023","Veröffentlicht","Bezahlung der Bestellung","303-5372768-2672351","Fermit Ofenschwärze 11500 100 ml Tube, S...","6.74","0","-3.31","1.35","4.78"
"12.1.2023","Veröffentlicht","Commingling VAT","1410048653","Wekem WS-600-030 HTC-Tube 30 Gramm","0","0","0","-1.55","-1.55"
"12.1.2023","Veröffentlicht","Andere","S02-5728503-8107163","Versand durch Amazon Erstattung für Lagerbestand","0","0","0","57.39","57.39"
"12.1.2023","Veröffentlicht","Commingling VAT","1410048423","Wekem WS-600-030 HTC-Tube 30 Gramm","0","0","0","-1.55","-1.55"
"12.1.2023","Veröffentlicht","Bezahlung der Bestellung","304-4970019-1755551","Tajima H5P70MY Bandmaß 7 M x 25 mm","14.54","0","-4.96","2.76","12.34"
"12.1.2023","Veröffentlicht","Bezahlung der Bestellung","302-5433638-9049150","SONAX Aktionsset KratzerEntferner Lack (...","10.46","0","-4.96","1.99","7.49"
"12.1.2023","Veröffentlicht","Bezahlung der Bestellung","305-9852829-4657960","Dichtungseinroller von Schwaigertools","14.79","0","-5","2.81","12.6"
"12.1.2023","Veröffentlicht","Bezahlung der Bestellung","305-7700024-3705900","Fermit GmbH - Pasta graphit Nivo Zinn (5...","13.59","0","-5.8","2.58","10.37"
"12.1.2023","Veröffentlicht","Erstattung","306-6741560-2670712","Kirschen 6160105 Schreinerklüpfel / Holz...","-30.93","0","3.83","-5.88","-32.98"
"12.1.2023","Veröffentlicht","Commingling VAT","1410030603","Fermit GmbH - Pasta graphit Nivo Zinn (500 g)","0","0","0","-3.58","-3.58"
"12.1.2023","Veröffentlicht","Commingling VAT","1410029073","Tajima LCB50RB-50H Razar Black Lames de rechange 18 mm, Noir, Set de 50 Pièces","0","0","0","-2.73","-2.73"
"12.1.2023","Veröffentlicht","Commingling VAT","1410029073","Tajima LCB50RB-50H Razar Black Lames de rechange 18 mm, Noir, Set de 50 Pièces","0","0","0","3.02","3.02"
"12.1.2023","Veröffentlicht","Commingling VAT","1410027423","Tajima LCB50RB-50H Razar Black Lames de rechange 18 mm, Noir, Set de 50 Pièces","0","0","0","-2.73","-2.73"
"12.1.2023","Veröffentlicht","Commingling VAT","1410027423","Tajima LCB50RB-50H Razar Black Lames de rechange 18 mm, Noir, Set de 50 Pièces","0","0","0","2.73","2.73"
"12.1.2023","Veröffentlicht","Commingling VAT","1410017003","Fugenmeister,R-03t,Radien AA83-teilig intransparenter Schachtel","0","0","0","-1.96","-1.96"
"12.1.2023","Veröffentlicht","Commingling VAT","1410017003","Fugenmeister,R-03t,Radien AA83-teilig intransparenter Schachtel","0","0","0","1.77","1.77"
"12.1.2023","Veröffentlicht","Commingling VAT","1410017023","Fugenmeister,R-03t,Radien AA83-teilig intransparenter Schachtel","0","0","0","2.14","2.14"